Workbook

Sheet Executive Summary
A1: Workforce Attendance & Overtime Operations Analysis | B1: Workforce Attendance & Overtime Operations Analysis | C1: Workforce Attendance & Overtime Operations Analysis | D1: Workforce Attendance & Overtime Operations Analysis | E1: Workforce Attendance & Overtime Operations Analysis | F1: Workforce Attendance & Overtime Operations Analysis | G1: Workforce Attendance & Overtime Operations Analysis | H1: Workforce Attendance & Overtime Operations Analysis | I1: Workforce Attendance & Overtime Operations Analysis | J1: Workforce Attendance & Overtime Operations Analysis | K1: Workforce Attendance & Overtime Operations Analysis | L1: Workforce Attendance & Overtime Operations Analysis | M1: Workforce Attendance & Overtime Operations Analysis
A2: Workforce Attendance & Overtime Operations Analysis | B2: Workforce Attendance & Overtime Operations Analysis | C2: Workforce Attendance & Overtime Operations Analysis | D2: Workforce Attendance & Overtime Operations Analysis | E2: Workforce Attendance & Overtime Operations Analysis | F2: Workforce Attendance & Overtime Operations Analysis | G2: Workforce Attendance & Overtime Operations Analysis | H2: Workforce Attendance & Overtime Operations Analysis | I2: Workforce Attendance & Overtime Operations Analysis | J2: Workforce Attendance & Overtime Operations Analysis | K2: Workforce Attendance & Overtime Operations Analysis | L2: Workforce Attendance & Overtime Operations Analysis | M2: Workforce Attendance & Overtime Operations Analysis
A4: Synthetic workforce operations sample focused on attendance reliability, late arrivals, absence risk, overtime concentration, coverage gaps, and data quality readiness.
A6: Core KPI | B6: Value | C6: Business Signal | D6: Formula Logic | F6: Leadership Findings
A7: scheduled_shifts | B7: =COUNTA(Raw_Data!$A$2:$A$7080) -> 7079 | C7: Scheduled shift volume. | D7: COUNT(records) | F7: Primary attendance risk | G7: Fulfillment has the highest absence rate at 4.8%.
A8: present_shifts | B8: =SUM(Raw_Data!$AJ$2:$AJ$7080) -> 6838 | C8: Worked shift volume. | D8: SUM(present_flag) | F8: Shift pattern | G8: Overnight shift shows the highest late arrival rate at 10.5%.
A9: attendance_rate | B9: =IFERROR(B8/B7,0) -> 0.96595564 | C9: Core reliability KPI. | D9: present / scheduled | F9: Overtime concentration | G9: Fulfillment and Customer Support represent 55.0% of overtime cost.
A10: absence_count | B10: =SUM(Raw_Data!$AI$2:$AI$7080) -> 241 | C10: Missed shifts. | D10: SUM(absence_flag) | F10: Data readiness | G10: Modeled data quality issue rate is 2.1%, mostly missing clock events and status exceptions.
A11: absence_rate | B11: =IFERROR(B10/B7,0) -> 0.034044357 | C11: Attendance risk KPI. | D11: absence / scheduled | F11: Leadership focus | G11: Repeat lateness, weekend replacement need, and holiday overtime are the strongest action areas.
A12: late_arrival_count | B12: =SUM(Raw_Data!$AH$2:$AH$7080) -> 598 | C12: Late shift count. | D12: SUM(late_flag)
A13: late_arrival_rate | B13: =IFERROR(B12/B7,0) -> 0.084475208 | C13: Arrival reliability KPI. | D13: late / scheduled
A14: average_minutes_late | B14: =IFERROR(AVERAGEIFS(Raw_Data!$AB$2:$AB$7080,Raw_Data!$AH$2:$AH$7080,1),0) -> 20.879599 | C14: Late arrival severity. | D14: AVG(minutes_late)
A15: overtime_hours | B15: =SUM(Raw_Data!$AL$2:$AL$7080) -> 1414.5 | C15: Overtime volume. | D15: SUM(overtime_hours)
A16: overtime_cost | B16: =SUM(Raw_Data!$AP$2:$AP$7080) -> 55844.77 | C16: Estimated overtime cost. | D16: SUM(overtime_labor_cost)
A17: schedule_adherence | B17: =IFERROR(SUM(Raw_Data!$AA$2:$AA$7080)/SUM(Raw_Data!$V$2:$V$7080),0) -> 0.9742174 | C17: Coverage completion. | D17: actual / scheduled
A18: repeat_late_employees | B18: =COUNTIF('Employee Risk'!$F$6:$F$125,">=3") -> 97 | C18: Coaching population. | D18: employees with 3+ lates
A19: coverage_gap_count | B19: =SUM(Raw_Data!$AT$2:$AT$7080) -> 98 | C19: Coverage risk count. | D19: SUM(coverage_gap_flag)
A20: data_quality_issue_rate | B20: =IFERROR(SUM(Raw_Data!$AX$2:$AX$7080)/B7,0) -> 0.020906908 | C20: Reporting trust KPI. | D20: dq issues / records
A23: Week | B23: Attendance Rate | C23: Absence Rate | D23: Late Arrival Rate
A24: 2025-09-29 | B24: 0.9664 | C24: 0.0336 | D24: 0.0646
A25: 2025-10-06 | B25: 0.9512 | C25: 0.0488 | D25: 0.0958
A26: 2025-10-13 | B26: 0.9655 | C26: 0.0345 | D26: 0.1016
A27: 2025-10-20 | B27: 0.9765 | C27: 0.0235 | D27: 0.1013
A28: 2025-10-27 | B28: 0.9617 | C28: 0.0383 | D28: 0.082
A29: 2025-11-03 | B29: 0.9638 | C29: 0.0362 | D29: 0.0797
A30: 2025-11-10 | B30: 0.9616 | C30: 0.0384 | D30: 0.0859
A31: 2025-11-17 | B31: 0.9582 | C31: 0.0418 | D31: 0.0527
A32: 2025-11-24 | B32: 0.949 | C32: 0.051 | D32: 0.0856
A33: 2025-12-01 | B33: 0.9729 | C33: 0.0271 | D33: 0.0812
A34: 2025-12-08 | B34: 0.9782 | C34: 0.0218 | D34: 0.0799
A35: 2025-12-15 | B35: 0.9835 | C35: 0.0165 | D35: 0.0914
... A37: 2025-12-29 | B37: 0.9882 | C37: 0.0118 | D37: 0.1294

Sheet Department Analysis
A1: Department Analysis | B1: Department Analysis | C1: Department Analysis | D1: Department Analysis | E1: Department Analysis | F1: Department Analysis | G1: Department Analysis | H1: Department Analysis | I1: Department Analysis | J1: Department Analysis
A2: Department Analysis | B2: Department Analysis | C2: Department Analysis | D2: Department Analysis | E2: Department Analysis | F2: Department Analysis | G2: Department Analysis | H2: Department Analysis | I2: Department Analysis | J2: Department Analysis
A4: Department | B4: Scheduled Shifts | C4: Attendance Rate | D4: Absence Rate | E4: Late Arrival Rate | F4: Avg Minutes Late | G4: Overtime Hours | H4: Overtime Cost | I4: Coverage Gaps | J4: DQ Issue Rate
A5: Fulfillment | B5: =COUNTIF(Raw_Data!$D$2:$D$7080,A5) -> 1860 | C5: =IFERROR(SUMIFS(Raw_Data!$AJ$2:$AJ$7080,Raw_Data!$D$2:$D$7080,A5)/B5,0) -> 0.95215054 | D5: =IFERROR(SUMIFS(Raw_Data!$AI$2:$AI$7080,Raw_Data!$D$2:$D$7080,A5)/B5,0) -> 0.047849462 | E5: =IFERROR(SUMIFS(Raw_Data!$AH$2:$AH$7080,Raw_Data!$D$2:$D$7080,A5)/B5,0) -> 0.094623656 | F5: =IFERROR(AVERAGEIFS(Raw_Data!$AB$2:$AB$7080,Raw_Data!$D$2:$D$7080,A5,Raw_Data!$AH$2:$AH$7080,1),0) -> 20.278409 | G5: =SUMIFS(Raw_Data!$AL$2:$AL$7080,Raw_Data!$D$2:$D$7080,A5) -> 456 | H5: =SUMIFS(Raw_Data!$AP$2:$AP$7080,Raw_Data!$D$2:$D$7080,A5) -> 17947.91 | I5: =SUMIFS(Raw_Data!$AT$2:$AT$7080,Raw_Data!$D$2:$D$7080,A5) -> 41 | J5: =IFERROR(SUMIFS(Raw_Data!$AX$2:$AX$7080,Raw_Data!$D$2:$D$7080,A5)/B5,0) -> 0.019892473
A6: Customer Support | B6: =COUNTIF(Raw_Data!$D$2:$D$7080,A6) -> 1448 | C6: =IFERROR(SUMIFS(Raw_Data!$AJ$2:$AJ$7080,Raw_Data!$D$2:$D$7080,A6)/B6,0) -> 0.96754144 | D6: =IFERROR(SUMIFS(Raw_Data!$AI$2:$AI$7080,Raw_Data!$D$2:$D$7080,A6)/B6,0) -> 0.032458564 | E6: =IFERROR(SUMIFS(Raw_Data!$AH$2:$AH$7080,Raw_Data!$D$2:$D$7080,A6)/B6,0) -> 0.075966851 | F6: =IFERROR(AVERAGEIFS(Raw_Data!$AB$2:$AB$7080,Raw_Data!$D$2:$D$7080,A6,Raw_Data!$AH$2:$AH$7080,1),0) -> 20 | G6: =SUMIFS(Raw_Data!$AL$2:$AL$7080,Raw_Data!$D$2:$D$7080,A6) -> 312 | H6: =SUMIFS(Raw_Data!$AP$2:$AP$7080,Raw_Data!$D$2:$D$7080,A6) -> 12787.75 | I6: =SUMIFS(Raw_Data!$AT$2:$AT$7080,Raw_Data!$D$2:$D$7080,A6) -> 19 | J6: =IFERROR(SUMIFS(Raw_Data!$AX$2:$AX$7080,Raw_Data!$D$2:$D$7080,A6)/B6,0) -> 0.015883978
A7: Production | B7: =COUNTIF(Raw_Data!$D$2:$D$7080,A7) -> 1619 | C7: =IFERROR(SUMIFS(Raw_Data!$AJ$2:$AJ$7080,Raw_Data!$D$2:$D$7080,A7)/B7,0) -> 0.97282273 | D7: =IFERROR(SUMIFS(Raw_Data!$AI$2:$AI$7080,Raw_Data!$D$2:$D$7080,A7)/B7,0) -> 0.02717727 | E7: =IFERROR(SUMIFS(Raw_Data!$AH$2:$AH$7080,Raw_Data!$D$2:$D$7080,A7)/B7,0) -> 0.090179123 | F7: =IFERROR(AVERAGEIFS(Raw_Data!$AB$2:$AB$7080,Raw_Data!$D$2:$D$7080,A7,Raw_Data!$AH$2:$AH$7080,1),0) -> 21.534247 | G7: =SUMIFS(Raw_Data!$AL$2:$AL$7080,Raw_Data!$D$2:$D$7080,A7) -> 284.5 | H7: =SUMIFS(Raw_Data!$AP$2:$AP$7080,Raw_Data!$D$2:$D$7080,A7) -> 10716.9 | I7: =SUMIFS(Raw_Data!$AT$2:$AT$7080,Raw_Data!$D$2:$D$7080,A7) -> 19 | J7: =IFERROR(SUMIFS(Raw_Data!$AX$2:$AX$7080,Raw_Data!$D$2:$D$7080,A7)/B7,0) -> 0.021000618
A8: Quality Assurance | B8: =COUNTIF(Raw_Data!$D$2:$D$7080,A8) -> 612 | C8: =IFERROR(SUMIFS(Raw_Data!$AJ$2:$AJ$7080,Raw_Data!$D$2:$D$7080,A8)/B8,0) -> 0.97058824 | D8: =IFERROR(SUMIFS(Raw_Data!$AI$2:$AI$7080,Raw_Data!$D$2:$D$7080,A8)/B8,0) -> 0.029411765 | E8: =IFERROR(SUMIFS(Raw_Data!$AH$2:$AH$7080,Raw_Data!$D$2:$D$7080,A8)/B8,0) -> 0.060457516 | F8: =IFERROR(AVERAGEIFS(Raw_Data!$AB$2:$AB$7080,Raw_Data!$D$2:$D$7080,A8,Raw_Data!$AH$2:$AH$7080,1),0) -> 20.918919 | G8: =SUMIFS(Raw_Data!$AL$2:$AL$7080,Raw_Data!$D$2:$D$7080,A8) -> 125.5 | H8: =SUMIFS(Raw_Data!$AP$2:$AP$7080,Raw_Data!$D$2:$D$7080,A8) -> 5142.43 | I8: =SUMIFS(Raw_Data!$AT$2:$AT$7080,Raw_Data!$D$2:$D$7080,A8) -> 5 | J8: =IFERROR(SUMIFS(Raw_Data!$AX$2:$AX$7080,Raw_Data!$D$2:$D$7080,A8)/B8,0) -> 0.031045752
A9: Maintenance | B9: =COUNTIF(Raw_Data!$D$2:$D$7080,A9) -> 813 | C9: =IFERROR(SUMIFS(Raw_Data!$AJ$2:$AJ$7080,Raw_Data!$D$2:$D$7080,A9)/B9,0) -> 0.96555966 | D9: =IFERROR(SUMIFS(Raw_Data!$AI$2:$AI$7080,Raw_Data!$D$2:$D$7080,A9)/B9,0) -> 0.034440344 | E9: =IFERROR(SUMIFS(Raw_Data!$AH$2:$AH$7080,Raw_Data!$D$2:$D$7080,A9)/B9,0) -> 0.10086101 | F9: =IFERROR(AVERAGEIFS(Raw_Data!$AB$2:$AB$7080,Raw_Data!$D$2:$D$7080,A9,Raw_Data!$AH$2:$AH$7080,1),0) -> 19.45122 | G9: =SUMIFS(Raw_Data!$AL$2:$AL$7080,Raw_Data!$D$2:$D$7080,A9) -> 127 | H9: =SUMIFS(Raw_Data!$AP$2:$AP$7080,Raw_Data!$D$2:$D$7080,A9) -> 5276.27 | I9: =SUMIFS(Raw_Data!$AT$2:$AT$7080,Raw_Data!$D$2:$D$7080,A9) -> 9 | J9: =IFERROR(SUMIFS(Raw_Data!$AX$2:$AX$7080,Raw_Data!$D$2:$D$7080,A9)/B9,0) -> 0.035670357
A10: Administration | B10: =COUNTIF(Raw_Data!$D$2:$D$7080,A10) -> 727 | C10: =IFERROR(SUMIFS(Raw_Data!$AJ$2:$AJ$7080,Raw_Data!$D$2:$D$7080,A10)/B10,0) -> 0.97936726 | D10: =IFERROR(SUMIFS(Raw_Data!$AI$2:$AI$7080,Raw_Data!$D$2:$D$7080,A10)/B10,0) -> 0.020632737 | E10: =IFERROR(SUMIFS(Raw_Data!$AH$2:$AH$7080,Raw_Data!$D$2:$D$7080,A10)/B10,0) -> 0.064649243 | F10: =IFERROR(AVERAGEIFS(Raw_Data!$AB$2:$AB$7080,Raw_Data!$D$2:$D$7080,A10,Raw_Data!$AH$2:$AH$7080,1),0) -> 25.617021 | G10: =SUMIFS(Raw_Data!$AL$2:$AL$7080,Raw_Data!$D$2:$D$7080,A10) -> 109.5 | H10: =SUMIFS(Raw_Data!$AP$2:$AP$7080,Raw_Data!$D$2:$D$7080,A10) -> 3973.51 | I10: =SUMIFS(Raw_Data!$AT$2:$AT$7080,Raw_Data!$D$2:$D$7080,A10) -> 5 | J10: =IFERROR(SUMIFS(Raw_Data!$AX$2:$AX$7080,Raw_Data!$D$2:$D$7080,A10)/B10,0) -> 0.0082530949

Sheet Weekly Trend
A1: Weekly Trend Analysis | B1: Weekly Trend Analysis | C1: Weekly Trend Analysis | D1: Weekly Trend Analysis | E1: Weekly Trend Analysis | F1: Weekly Trend Analysis | G1: Weekly Trend Analysis | H1: Weekly Trend Analysis
A2: Weekly Trend Analysis | B2: Weekly Trend Analysis | C2: Weekly Trend Analysis | D2: Weekly Trend Analysis | E2: Weekly Trend Analysis | F2: Weekly Trend Analysis | G2: Weekly Trend Analysis | H2: Weekly Trend Analysis
A4: Week Start | B4: Scheduled Shifts | C4: Attendance Rate | D4: Absence Rate | E4: Late Arrival Rate | F4: Overtime Hours | G4: Overtime Cost | H4: Coverage Gaps
A5: 2025-09-29 | B5: 387 | C5: 0.9664 | D5: 0.0336 | E5: 0.0646 | F5: 65.5 | G5: 2610.4 | H5: 8
A6: 2025-10-06 | B6: 553 | C6: 0.9512 | D6: 0.0488 | E6: 0.0958 | F6: 118 | G6: 4686.42 | H6: 9
A7: 2025-10-13 | B7: 551 | C7: 0.9655 | D7: 0.0345 | E7: 0.1016 | F7: 150.5 | G7: 5940.41 | H7: 7
A8: 2025-10-20 | B8: 553 | C8: 0.9765 | D8: 0.0235 | E8: 0.1013 | F8: 109 | G8: 4479.41 | H8: 7
A9: 2025-10-27 | B9: 549 | C9: 0.9617 | D9: 0.0383 | E9: 0.082 | F9: 77 | G9: 3084.08 | H9: 8
A10: 2025-11-03 | B10: 552 | C10: 0.9638 | D10: 0.0362 | E10: 0.0797 | F10: 85.5 | G10: 3348.83 | H10: 8
A11: 2025-11-10 | B11: 547 | C11: 0.9616 | D11: 0.0384 | E11: 0.0859 | F11: 75.5 | G11: 3102.64 | H11: 9
A12: 2025-11-17 | B12: 550 | C12: 0.9582 | D12: 0.0418 | E12: 0.0527 | F12: 46 | G12: 1812.93 | H12: 6
A13: 2025-11-24 | B13: 549 | C13: 0.949 | D13: 0.051 | E13: 0.0856 | F13: 181 | G13: 6904.32 | H13: 12
A14: 2025-12-01 | B14: 554 | C14: 0.9729 | D14: 0.0271 | E14: 0.0812 | F14: 112 | G14: 4379.77 | H14: 7
A15: 2025-12-08 | B15: 551 | C15: 0.9782 | D15: 0.0218 | E15: 0.0799 | F15: 57.5 | G15: 2276.42 | H15: 6
A16: 2025-12-15 | B16: 547 | C16: 0.9835 | D16: 0.0165 | E16: 0.0914 | F16: 103.5 | G16: 4176.68 | H16: 3
... A18: 2025-12-29 | B18: 85 | C18: 0.9882 | D18: 0.0118 | E18: 0.1294 | F18: 20.5 | G18: 833 | H18: 0

Sheet Employee Risk
A1: Employee Risk Detail | B1: Employee Risk Detail | C1: Employee Risk Detail | D1: Employee Risk Detail | E1: Employee Risk Detail | F1: Employee Risk Detail | G1: Employee Risk Detail | H1: Employee Risk Detail | I1: Employee Risk Detail | J1: Employee Risk Detail | K1: Employee Risk Detail
A2: Employee Risk Detail | B2: Employee Risk Detail | C2: Employee Risk Detail | D2: Employee Risk Detail | E2: Employee Risk Detail | F2: Employee Risk Detail | G2: Employee Risk Detail | H2: Employee Risk Detail | I2: Employee Risk Detail | J2: Employee Risk Detail | K2: Employee Risk Detail
A4: Employee ID | B4: Employee Name | C4: Department | D4: Manager | E4: Scheduled | F4: Late Arrivals | G4: Absences | H4: Overtime Hours | I4: Coverage Gaps | J4: Risk Level | K4: Risk Reason
A5: EMP0090 | B5: Lena Jackson | C5: Fulfillment | D5: Marcus Reed | E5: 64 | F5: 13 | G5: 7 | H5: 21 | I5: 5 | J5: High | K5: Repeat lateness; Recurring absences; High overtime concentration; Coverage gap pattern
A6: EMP0004 | B6: Riley Franklin | C6: Maintenance | D6: Miles Bennett | E6: 66 | F6: 15 | G6: 5 | H6: 7.5 | I6: 2 | J6: High | K6: Repeat lateness; Recurring absences; Coverage gap pattern; Repeated data quality exceptions
A7: EMP0062 | B7: Jasmine Xu | C7: Production | D7: Luis Romero | E7: 66 | F7: 19 | G7: 1 | H7: 10 | I7: 1 | J7: High | K7: Repeat lateness; Repeated data quality exceptions
A8: EMP0054 | B8: Farah Chen | C8: Fulfillment | D8: Marcus Reed | E8: 64 | F8: 14 | G8: 3 | H8: 8.5 | I8: 1 | J8: High | K8: Repeat lateness; Recurring absences; Repeated data quality exceptions
A9: EMP0105 | B9: Drew Foster | C9: Fulfillment | D9: Priya Shah | E9: 64 | F9: 14 | G9: 3 | H9: 26.5 | I9: 1 | J9: High | K9: Repeat lateness; Recurring absences; High overtime concentration
A10: EMP0075 | B10: Trevor Jackson | C10: Maintenance | D10: Miles Bennett | E10: 66 | F10: 10 | G10: 4 | H10: 15.5 | I10: 2 | J10: High | K10: Repeat lateness; Recurring absences; Coverage gap pattern; Repeated data quality exceptions
A11: EMP0031 | B11: Rowan Evans | C11: Fulfillment | D11: Alicia Gomez | E11: 52 | F11: 5 | G11: 5 | H11: 10.5 | I11: 5 | J11: High | K11: Repeat lateness; Recurring absences; Coverage gap pattern
A12: EMP0012 | B12: Kai Keller | C12: Production | D12: Maya Johnson | E12: 52 | F12: 6 | G12: 4 | H12: 7.5 | I12: 5 | J12: High | K12: Repeat lateness; Recurring absences; Coverage gap pattern
A13: EMP0087 | B13: Bianca Diaz | C13: Fulfillment | D13: Priya Shah | E13: 52 | F13: 7 | G13: 4 | H13: 11.5 | I13: 3 | J13: High | K13: Repeat lateness; Recurring absences; Coverage gap pattern
A14: EMP0016 | B14: Jasmine Usman | C14: Production | D14: Maya Johnson | E14: 66 | F14: 7 | G14: 5 | H14: 15.5 | I14: 1 | J14: High | K14: Repeat lateness; Recurring absences
A15: EMP0078 | B15: Rafael Zimmerman | C15: Customer Support | D15: Nina Patel | E15: 65 | F15: 14 | G15: 1 | H15: 18.5 | I15: 0 | J15: High | K15: Repeat lateness; High overtime concentration
A16: EMP0025 | B16: Jamie Nelson | C16: Fulfillment | D16: Priya Shah | E16: 64 | F16: 4 | G16: 6 | H16: 21.5 | I16: 2 | J16: High | K16: Repeat lateness; Recurring absences; High overtime concentration; Coverage gap pattern
... A124: EMP0086 | B124: Jordan Anderson | C124: Administration | D124: Rachel Kim | E124: 65 | F124: 0 | G124: 0 | H124: 9.5 | I124: 0 | J124: Low | K124: No notable repeat attendance risk

Sheet Data Quality
A1: Data Quality Assessment | B1: Data Quality Assessment | C1: Data Quality Assessment | D1: Data Quality Assessment | E1: Data Quality Assessment | F1: Data Quality Assessment | G1: Data Quality Assessment | H1: Data Quality Assessment
A2: Data Quality Assessment | B2: Data Quality Assessment | C2: Data Quality Assessment | D2: Data Quality Assessment | E2: Data Quality Assessment | F2: Data Quality Assessment | G2: Data Quality Assessment | H2: Data Quality Assessment
A4: Issue Type | B4: Records | C4: Issue Rate | D4: Operational Impact | F4: Check | G4: Issue Records | H4: Review Priority
A5: missing_clock_out | B5: 47 | C5: 0.0066 | D5: May understate actual hours or labor cost. | F5: Missing clock-out | G5: 47 | H5: High
A6: missing_clock_in | B6: 31 | C6: 0.0044 | D6: May understate actual hours or labor cost. | F6: Missing clock-in | G6: 31 | H6: High
A7: missing_absence_type | B7: 27 | C7: 0.0038 | D7: May reduce confidence in attendance classification. | F7: Missing absence type | G7: 27 | H7: Medium
A8: status_clock_mismatch | B8: 27 | C8: 0.0038 | D8: May understate actual hours or labor cost. | F8: Status/clock mismatch | G8: 27 | H8: Medium
A9: duplicate_badge_punch | B9: 16 | C9: 0.0023 | D9: May reduce confidence in attendance classification. | F9: Duplicate badge punch | G9: 16 | H9: Medium

Sheet Raw_Data
A1: attendance_record_id | B1: employee_id | C1: employee_name | D1: department | E1: team | F1: manager_id | G1: manager_name | H1: location | I1: job_role | J1: employment_type | K1: hire_date | L1: tenure_band | M1: work_date | N1: week_start_date | O1: month_start_date | P1: day_of_week | Q1: is_weekend | R1: is_holiday | S1: shift_name | T1: scheduled_start_time | U1: scheduled_end_time | V1: scheduled_hours | W1: schedule_type | X1: attendance_status | Y1: actual_clock_in | Z1: actual_clock_out | AA1: actual_hours_worked | AB1: minutes_late | AC1: minutes_left_early | AD1: absence_type | AE1: excused_flag | AF1: no_call_no_show_flag | AG1: partial_shift_flag | AH1: late_flag | AI1: absence_flag | AJ1: present_flag | AK1: regular_hours | AL1: overtime_hours | AM1: hourly_rate | AN1: overtime_rate_multiplier | AO1: regular_labor_cost | AP1: overtime_labor_cost | AQ1: total_labor_cost | AR1: overtime_flag | AS1: high_overtime_flag | AT1: coverage_gap_flag | AU1: replacement_needed_flag | AV1: replacement_employee_id | AW1: attendance_policy_exception_flag | AX1: data_quality_issue_flag | AY1: data_quality_issue_type | AZ1: manager_follow_up_required_flag | BA1: coaching_recommended_flag | BB1: risk_level | BC1: risk_reason | BD1: late_severity_band | BE1: absence_category | BF1: overtime_band | BG1: manager_action_category
A2: AR000001 | B2: EMP0001 | C2: Parker Morris | D2: Administration | E2: Finance Operations | F2: MGR015 | G2: Thomas Nguyen | H2: South Plant | I2: Administrative Specialist | J2: Part-Time | K2: 2020-05-10 | L2: 3+ years | M2: 2025-10-01 | N2: 2025-09-29 | O2: 2025-10-01 | P2: Wednesday | Q2: 0 | R2: 0 | S2: Morning | T2: 06:00 | U2: 14:00 | V2: 8 | W2: Part-Time | X2: Present | Y2: 2025-10-01 06:00 | Z2: 2025-10-01 14:00 | AA2: 8 | AB2: 0 | AC2: 0 | AE2: 0 | AF2: 0 | AG2: 0 | AH2: 0 | AI2: 0 | AJ2: 1 | AK2: 8 | AL2: 0 | AM2: 21.6 | AN2: 1.5 | AO2: 172.8 | AP2: 0 | AQ2: 172.8 | AR2: 0 | AS2: 0 | AT2: 0 | AU2: 0 | AW2: 0 | AX2: 0 | AZ2: 1 | BA2: 1 | BB2: Medium | BC2: Repeat lateness | BD2: On Time | BE2: Not Absent | BF2: No Overtime | BG2: Monitor
A3: AR000002 | B3: EMP0002 | C3: Oscar Turner | D3: Quality Assurance | E3: Inspection | F3: MGR011 | G3: Ethan Clark | H3: North Plant | I3: QA Technician | J3: Full-Time | K3: 2022-01-23 | L3: 3+ years | M3: 2025-10-01 | N3: 2025-09-29 | O3: 2025-10-01 | P3: Wednesday | Q3: 0 | R3: 0 | S3: Morning | T3: 06:00 | U3: 14:00 | V3: 8 | W3: Fixed | X3: Present | Y3: 2025-10-01 06:00 | Z3: 2025-10-01 14:00 | AA3: 8 | AB3: 0 | AC3: 0 | AE3: 0 | AF3: 0 | AG3: 0 | AH3: 0 | AI3: 0 | AJ3: 1 | AK3: 8 | AL3: 0 | AM3: 29.19 | AN3: 1.5 | AO3: 233.52 | AP3: 0 | AQ3: 233.52 | AR3: 0 | AS3: 0 | AT3: 0 | AU3: 0 | AW3: 0 | AX3: 0 | AZ3: 1 | BA3: 1 | BB3: Medium | BC3: Repeat lateness; Recurring absences; Repeated data quality exceptions | BD3: On Time | BE3: Not Absent | BF3: No Overtime | BG3: Monitor
A4: AR000003 | B4: EMP0003 | C4: Jamie Turner | D4: Administration | E4: Finance Operations | F4: MGR014 | G4: Rachel Kim | H4: South Plant | I4: Operations Coordinator | J4: Full-Time | K4: 2022-09-02 | L4: 3+ years | M4: 2025-10-01 | N4: 2025-09-29 | O4: 2025-10-01 | P4: Wednesday | Q4: 0 | R4: 0 | S4: Afternoon | T4: 14:00 | U4: 22:00 | V4: 8 | W4: Fixed | X4: Present | Y4: 2025-10-01 14:00 | Z4: 2025-10-01 22:00 | AA4: 8 | AB4: 0 | AC4: 0 | AE4: 0 | AF4: 0 | AG4: 0 | AH4: 0 | AI4: 0 | AJ4: 1 | AK4: 8 | AL4: 0 | AM4: 27.81 | AN4: 1.5 | AO4: 222.48 | AP4: 0 | AQ4: 222.48 | AR4: 0 | AS4: 0 | AT4: 0 | AU4: 0 | AW4: 0 | AX4: 0 | AZ4: 1 | BA4: 1 | BB4: Medium | BC4: Repeat lateness | BD4: On Time | BE4: Not Absent | BF4: No Overtime | BG4: Monitor
A5: AR000004 | B5: EMP0004 | C5: Riley Franklin | D5: Maintenance | E5: Equipment Repair | F5: MGR013 | G5: Miles Bennett | H5: South Plant | I5: Maintenance Technician | J5: Full-Time | K5: 2025-09-12 | L5: Under 90 days | M5: 2025-10-01 | N5: 2025-09-29 | O5: 2025-10-01 | P5: Wednesday | Q5: 0 | R5: 0 | S5: Overnight | T5: 22:00 | U5: 06:00 | V5: 8 | W5: Fixed | X5: Present | Y5: 2025-10-01 22:00 | Z5: 2025-10-02 06:00 | AA5: 8 | AB5: 0 | AC5: 0 | AE5: 0 | AF5: 0 | AG5: 0 | AH5: 0 | AI5: 0 | AJ5: 1 | AK5: 8 | AL5: 0 | AM5: 25.06 | AN5: 1.5 | AO5: 200.48 | AP5: 0 | AQ5: 200.48 | AR5: 0 | AS5: 0 | AT5: 0 | AU5: 0 | AW5: 0 | AX5: 0 | AZ5: 1 | BA5: 1 | BB5: High | BC5: Repeat lateness; Recurring absences; Coverage gap pattern; Repeated data quality exceptions | BD5: On Time | BE5: Not Absent | BF5: No Overtime | BG5: Coaching recommended
A6: AR000005 | B6: EMP0005 | C6: Sam Garcia | D6: Administration | E6: Finance Operations | F6: MGR014 | G6: Rachel Kim | H6: South Plant | I6: Operations Coordinator | J6: Full-Time | K6: 2025-07-27 | L6: Under 90 days | M6: 2025-10-01 | N6: 2025-09-29 | O6: 2025-10-01 | P6: Wednesday | Q6: 0 | R6: 0 | S6: Afternoon | T6: 14:00 | U6: 22:00 | V6: 8 | W6: Fixed | X6: Present | Y6: 2025-10-01 14:00 | Z6: 2025-10-01 22:00 | AA6: 8 | AB6: 0 | AC6: 0 | AE6: 0 | AF6: 0 | AG6: 0 | AH6: 0 | AI6: 0 | AJ6: 1 | AK6: 8 | AL6: 0 | AM6: 22.49 | AN6: 1.5 | AO6: 179.92 | AP6: 0 | AQ6: 179.92 | AR6: 0 | AS6: 0 | AT6: 0 | AU6: 0 | AW6: 0 | AX6: 0 | AZ6: 1 | BA6: 1 | BB6: Medium | BC6: Repeat lateness | BD6: On Time | BE6: Not Absent | BF6: No Overtime | BG6: Monitor
A7: AR000006 | B7: EMP0006 | C7: Trevor Morris | D7: Production | E7: Line A | F7: MGR008 | G7: Maya Johnson | H7: North Plant | I7: Production Operator | J7: Full-Time | K7: 2023-07-01 | L7: 1 to 3 years | M7: 2025-10-01 | N7: 2025-09-29 | O7: 2025-10-01 | P7: Wednesday | Q7: 0 | R7: 0 | S7: Morning | T7: 06:00 | U7: 14:00 | V7: 8 | W7: Fixed | X7: Present | Y7: 2025-10-01 06:00 | Z7: 2025-10-01 14:00 | AA7: 8 | AB7: 0 | AC7: 0 | AE7: 0 | AF7: 0 | AG7: 0 | AH7: 0 | AI7: 0 | AJ7: 1 | AK7: 8 | AL7: 0 | AM7: 22.25 | AN7: 1.5 | AO7: 178 | AP7: 0 | AQ7: 178 | AR7: 0 | AS7: 0 | AT7: 0 | AU7: 0 | AW7: 0 | AX7: 0 | AZ7: 0 | BA7: 0 | BB7: Low | BC7: No notable repeat attendance risk | BD7: On Time | BE7: Not Absent | BF7: No Overtime | BG7: No action
A8: AR000007 | B8: EMP0007 | C8: Elena Stewart | D8: Production | E8: Line A | F8: MGR007 | G8: Owen Carter | H8: North Plant | I8: Line Lead | J8: Full-Time | K8: 2024-01-04 | L8: 1 to 3 years | M8: 2025-10-01 | N8: 2025-09-29 | O8: 2025-10-01 | P8: Wednesday | Q8: 0 | R8: 0 | S8: Afternoon | T8: 14:00 | U8: 22:00 | V8: 8 | W8: Fixed | X8: Present | Y8: 2025-10-01 14:00 | Z8: 2025-10-01 22:00 | AA8: 8 | AB8: 0 | AC8: 0 | AE8: 0 | AF8: 0 | AG8: 0 | AH8: 0 | AI8: 0 | AJ8: 1 | AK8: 8 | AL8: 0 | AM8: 27.58 | AN8: 1.5 | AO8: 220.64 | AP8: 0 | AQ8: 220.64 | AR8: 0 | AS8: 0 | AT8: 0 | AU8: 0 | AW8: 0 | AX8: 0 | AZ8: 1 | BA8: 1 | BB8: Medium | BC8: Repeat lateness; Repeated data quality exceptions | BD8: On Time | BE8: Not Absent | BF8: No Overtime | BG8: Monitor
A9: AR000008 | B9: EMP0008 | C9: Jamie Morris | D9: Production | E9: Line A | F9: MGR009 | G9: Luis Romero | H9: South Plant | I9: Line Lead | J9: Full-Time | K9: 2021-07-17 | L9: 3+ years | M9: 2025-10-01 | N9: 2025-09-29 | O9: 2025-10-01 | P9: Wednesday | Q9: 0 | R9: 0 | S9: Evening | T9: 16:00 | U9: 00:00 | V9: 8 | W9: Fixed | X9: Present | Y9: 2025-10-01 16:00 | Z9: 2025-10-02 00:00 | AA9: 8 | AB9: 0 | AC9: 0 | AE9: 0 | AF9: 0 | AG9: 0 | AH9: 0 | AI9: 0 | AJ9: 1 | AK9: 8 | AL9: 0 | AM9: 29.2 | AN9: 1.5 | AO9: 233.6 | AP9: 0 | AQ9: 233.6 | AR9: 0 | AS9: 0 | AT9: 0 | AU9: 0 | AW9: 0 | AX9: 0 | AZ9: 1 | BA9: 1 | BB9: High | BC9: Repeat lateness | BD9: On Time | BE9: Not Absent | BF9: No Overtime | BG9: Coaching recommended
A10: AR000009 | B10: EMP0009 | C10: Sam Morris | D10: Customer Support | E10: Tier 1 Support | F10: MGR004 | G10: Daniel Brooks | H10: South Plant | I10: Support Team Lead | J10: Full-Time | K10: 2023-06-27 | L10: 1 to 3 years | M10: 2025-10-01 | N10: 2025-09-29 | O10: 2025-10-01 | P10: Wednesday | Q10: 0 | R10: 0 | S10: Morning | T10: 06:00 | U10: 14:00 | V10: 8 | W10: Rotating | X10: Present | Y10: 2025-10-01 06:00 | Z10: 2025-10-01 14:00 | AA10: 8 | AB10: 0 | AC10: 0 | AE10: 0 | AF10: 0 | AG10: 0 | AH10: 0 | AI10: 0 | AJ10: 1 | AK10: 8 | AL10: 0 | AM10: 28.16 | AN10: 1.5 | AO10: 225.28 | AP10: 0 | AQ10: 225.28 | AR10: 0 | AS10: 0 | AT10: 0 | AU10: 0 | AW10: 0 | AX10: 0 | AZ10: 1 | BA10: 1 | BB10: High | BC10: Repeat lateness | BD10: On Time | BE10: Not Absent | BF10: No Overtime | BG10: Coaching recommended
A11: AR000010 | B11: EMP0011 | C11: Cameron Garcia | D11: Customer Support | E11: Account Support | F11: MGR004 | G11: Daniel Brooks | H11: North Plant | I11: Support Team Lead | J11: Temporary | K11: 2020-07-16 | L11: 3+ years | M11: 2025-10-01 | N11: 2025-09-29 | O11: 2025-10-01 | P11: Wednesday | Q11: 0 | R11: 0 | S11: Evening | T11: 16:00 | U11: 00:00 | V11: 8 | W11: Rotating | X11: Present | Y11: 2025-10-01 16:00 | Z11: 2025-10-02 00:00 | AA11: 8 | AB11: 0 | AC11: 0 | AE11: 0 | AF11: 0 | AG11: 0 | AH11: 0 | AI11: 0 | AJ11: 1 | AK11: 8 | AL11: 0 | AM11: 30.24 | AN11: 1.5 | AO11: 241.92 | AP11: 0 | AQ11: 241.92 | AR11: 0 | AS11: 0 | AT11: 0 | AU11: 0 | AW11: 0 | AX11: 0 | AZ11: 1 | BA11: 1 | BB11: Medium | BC11: Repeat lateness; High overtime concentration | BD11: On Time | BE11: Not Absent | BF11: No Overtime | BG11: Schedule review
A12: AR000011 | B12: EMP0013 | C12: Farah Quinn | D12: Fulfillment | E12: Picking | F12: MGR003 | G12: Priya Shah | H12: Distribution Center | I12: Inventory Coordinator | J12: Full-Time | K12: 2021-05-06 | L12: 3+ years | M12: 2025-10-01 | N12: 2025-09-29 | O12: 2025-10-01 | P12: Wednesday | Q12: 0 | R12: 0 | S12: Evening | T12: 16:00 | U12: 00:00 | V12: 8 | W12: Fixed | X12: Present | Y12: 2025-10-01 16:00 | Z12: 2025-10-02 00:00 | AA12: 8 | AB12: 0 | AC12: 0 | AE12: 0 | AF12: 0 | AG12: 0 | AH12: 0 | AI12: 0 | AJ12: 1 | AK12: 8 | AL12: 0 | AM12: 22.59 | AN12: 1.5 | AO12: 180.72 | AP12: 0 | AQ12: 180.72 | AR12: 0 | AS12: 0 | AT12: 0 | AU12: 0 | AW12: 0 | AX12: 0 | AZ12: 1 | BA12: 1 | BB12: Medium | BC12: Repeat lateness | BD12: On Time | BE12: Not Absent | BF12: No Overtime | BG12: Monitor
A13: AR000012 | B13: EMP0015 | C13: Drew Hughes | D13: Fulfillment | E13: Packing | F13: MGR001 | G13: Alicia Gomez | H13: North Plant | I13: Inventory Coordinator | J13: Full-Time | K13: 2025-09-07 | L13: Under 90 days | M13: 2025-10-01 | N13: 2025-09-29 | O13: 2025-10-01 | P13: Wednesday | Q13: 0 | R13: 0 | S13: Evening | T13: 16:00 | U13: 00:00 | V13: 8 | W13: Fixed | X13: Present | Y13: 2025-10-01 16:00 | Z13: 2025-10-02 00:00 | AA13: 8 | AB13: 0 | AC13: 0 | AE13: 0 | AF13: 0 | AG13: 0 | AH13: 0 | AI13: 0 | AJ13: 1 | AK13: 8 | AL13: 0 | AM13: 22.77 | AN13: 1.5 | AO13: 182.16 | AP13: 0 | AQ13: 182.16 | AR13: 0 | AS13: 0 | AT13: 0 | AU13: 0 | AW13: 0 | AX13: 0 | AZ13: 1 | BA13: 1 | BB13: High | BC13: Repeat lateness; Recurring absences | BD13: On Time | BE13: Not Absent | BF13: No Overtime | BG13: Coaching recommended
... A17: AR000016 | B17: EMP0019 | C17: Rafael Ortiz | D17: Customer Support | E17: Account Support | F17: MGR005 | G17: Nina Patel | H17: South Plant | I17: Support Specialist | J17: Full-Time | K17: 2025-08-01 | L17: Under 90 days | M17: 2025-10-01 | N17: 2025-09-29 | O17: 2025-10-01 | P17: Wednesday | Q17: 0 | R17: 0 | S17: Evening | T17: 16:00 | U17: 00:00 | V17: 8 | W17: Fixed | X17: Present | Y17: 2025-10-01 16:00 | Z17: 2025-10-02 00:00 | AA17: 8 | AB17: 0 | AC17: 0 | AE17: 0 | AF17: 0 | AG17: 0 | AH17: 0 | AI17: 0 | AJ17: 1 | AK17: 8 | AL17: 0 | AM17: 21.58 | AN17: 1.5 | AO17: 172.64 | AP17: 0 | AQ17: 172.64 | AR17: 0 | AS17: 0 | AT17: 0 | AU17: 0 | AW17: 0 | AX17: 0 | AZ17: 0 | BA17: 0 | BB17: Medium | BC17: High overtime concentration; Repeated data quality exceptions | BD17: On Time | BE17: Not Absent | BF17: No Overtime | BG17: Schedule review
A18: AR000017 | B18: EMP0020 | C18: Hannah Roberts | D18: Fulfillment | E18: Picking | F18: MGR001 | G18: Alicia Gomez | H18: Distribution Center | I18: Warehouse Associate | J18: Full-Time | K18: 2022-08-29 | L18: 3+ years | M18: 2025-10-01 | N18: 2025-09-29 | O18: 2025-10-01 | P18: Wednesday | Q18: 0 | R18: 0 | S18: Overnight | T18: 22:00 | U18: 06:00 | V18: 8 | W18: Fixed | X18: No Call No Show | AA18: 0 | AB18: 0 | AC18: 0 | AD18: No Call No Show | AE18: 0 | AF18: 1 | AG18: 0 | AH18: 0 | AI18: 1 | AJ18: 0 | AK18: 0 | AL18: 0 | AM18: 19.78 | AN18: 1.5 | AO18: 0 | AP18: 0 | AQ18: 0 | AR18: 0 | AS18: 0 | AT18: 0 | AU18: 0 | AW18: 0 | AX18: 0 | AZ18: 1 | BA18: 1 | BB18: High | BC18: Repeat lateness; Repeated data quality exceptions | BD18: On Time | BE18: No Call No Show | BF18: No Overtime | BG18: Attendance follow-up
A19: AR000018 | B19: EMP0021 | C19: Jamie Hughes | D19: Maintenance | E19: Equipment Repair | F19: MGR012 | G19: Sofia Rivera | H19: North Plant | I19: Maintenance Technician | J19: Full-Time | K19: 2023-04-14 | L19: 1 to 3 years | M19: 2025-10-01 | N19: 2025-09-29 | O19: 2025-10-01 | P19: Wednesday | Q19: 0 | R19: 0 | S19: Afternoon | T19: 14:00 | U19: 22:00 | V19: 8 | W19: Weekend Support | X19: Present | Y19: 2025-10-01 14:00 | Z19: 2025-10-01 22:00 | AA19: 8 | AB19: 0 | AC19: 0 | AE19: 0 | AF19: 0 | AG19: 0 | AH19: 0 | AI19: 0 | AJ19: 1 | AK19: 8 | AL19: 0 | AM19: 27.83 | AN19: 1.5 | AO19: 222.64 | AP19: 0 | AQ19: 222.64 | AR19: 0 | AS19: 0 | AT19: 0 | AU19: 0 | AW19: 0 | AX19: 0 | AZ19: 1 | BA19: 1 | BB19: High | BC19: Repeat lateness; Repeated data quality exceptions | BD19: On Time | BE19: Not Absent | BF19: No Overtime | BG19: Coaching recommended
A20: AR000019 | B20: EMP0022 | C20: Hannah Anderson | D20: Customer Support | E20: Account Support | F20: MGR004 | G20: Daniel Brooks | H20: Remote Support | I20: Support Team Lead | J20: Part-Time | K20: 2025-07-25 | L20: Under 90 days | M20: 2025-10-01 | N20: 2025-09-29 | O20: 2025-10-01 | P20: Wednesday | Q20: 0 | R20: 0 | S20: Morning | T20: 06:00 | U20: 14:00 | V20: 8 | W20: Rotating | X20: Present | Y20: 2025-10-01 06:00 | Z20: 2025-10-01 14:00 | AA20: 8 | AB20: 0 | AC20: 0 | AE20: 0 | AF20: 0 | AG20: 0 | AH20: 0 | AI20: 0 | AJ20: 1 | AK20: 8 | AL20: 0 | AM20: 28.52 | AN20: 1.5 | AO20: 228.16 | AP20: 0 | AQ20: 228.16 | AR20: 0 | AS20: 0 | AT20: 0 | AU20: 0 | AW20: 0 | AX20: 0 | AZ20: 1 | BA20: 1 | BB20: Medium | BC20: Repeat lateness; Coverage gap pattern | BD20: On Time | BE20: Not Absent | BF20: No Overtime | BG20: Monitor
A21: AR000020 | B21: EMP0023 | C21: Alex Harris | D21: Fulfillment | E21: Inventory Control | F21: MGR001 | G21: Alicia Gomez | H21: South Plant | I21: Inventory Coordinator | J21: Temporary | K21: 2025-07-08 | L21: Under 90 days | M21: 2025-10-01 | N21: 2025-09-29 | O21: 2025-10-01 | P21: Wednesday | Q21: 0 | R21: 0 | S21: Morning | T21: 06:00 | U21: 14:00 | V21: 8 | W21: Rotating | X21: Present | Y21: 2025-10-01 06:00 | Z21: 2025-10-01 15:00 | AA21: 9 | AB21: 0 | AC21: 0 | AE21: 0 | AF21: 0 | AG21: 0 | AH21: 0 | AI21: 0 | AJ21: 1 | AK21: 8 | AL21: 1 | AM21: 25.99 | AN21: 1.5 | AO21: 207.92 | AP21: 38.99 | AQ21: 246.91 | AR21: 1 | AS21: 0 | AT21: 0 | AU21: 0 | AW21: 0 | AX21: 0 | AZ21: 1 | BA21: 1 | BB21: Medium | BC21: Repeat lateness | BD21: On Time | BE21: Not Absent | BF21: 0.5-2.0 hours | BG21: Monitor
A22: AR000021 | B22: EMP0024 | C22: Oscar Young | D22: Fulfillment | E22: Picking | F22: MGR003 | G22: Priya Shah | H22: Distribution Center | I22: Fulfillment Lead | J22: Full-Time | K22: 2020-11-20 | L22: 3+ years | M22: 2025-10-01 | N22: 2025-09-29 | O22: 2025-10-01 | P22: Wednesday | Q22: 0 | R22: 0 | S22: Morning | T22: 06:00 | U22: 14:00 | V22: 8 | W22: Fixed | X22: Present | Y22: 2025-10-01 06:00 | Z22: 2025-10-01 14:00 | AA22: 8 | AB22: 0 | AC22: 0 | AE22: 0 | AF22: 0 | AG22: 0 | AH22: 0 | AI22: 0 | AJ22: 1 | AK22: 8 | AL22: 0 | AM22: 27.18 | AN22: 1.5 | AO22: 217.44 | AP22: 0 | AQ22: 217.44 | AR22: 0 | AS22: 0 | AT22: 0 | AU22: 0 | AW22: 0 | AX22: 0 | AZ22: 1 | BA22: 1 | BB22: Medium | BC22: Repeat lateness | BD22: On Time | BE22: Not Absent | BF22: No Overtime | BG22: Monitor
A23: AR000022 | B23: EMP0025 | C23: Jamie Nelson | D23: Fulfillment | E23: Picking | F23: MGR003 | G23: Priya Shah | H23: Distribution Center | I23: Warehouse Associate | J23: Full-Time | K23: 2023-03-06 | L23: 1 to 3 years | M23: 2025-10-01 | N23: 2025-09-29 | O23: 2025-10-01 | P23: Wednesday | Q23: 0 | R23: 0 | S23: Overnight | T23: 22:00 | U23: 06:00 | V23: 8 | W23: Fixed | X23: Present | Y23: 2025-10-01 22:00 | Z23: 2025-10-02 08:30 | AA23: 10.5 | AB23: 0 | AC23: 0 | AE23: 0 | AF23: 0 | AG23: 0 | AH23: 0 | AI23: 0 | AJ23: 1 | AK23: 8 | AL23: 2.5 | AM23: 18.05 | AN23: 1.5 | AO23: 144.4 | AP23: 67.69 | AQ23: 212.09 | AR23: 1 | AS23: 0 | AT23: 0 | AU23: 0 | AW23: 0 | AX23: 0 | AZ23: 1 | BA23: 1 | BB23: High | BC23: Repeat lateness; Recurring absences; High overtime concentration; Coverage gap pattern | BD23: On Time | BE23: Not Absent | BF23: 2.25-4.0 hours | BG23: Coaching recommended
A24: AR000023 | B24: EMP0026 | C24: Hannah Usman | D24: Quality Assurance | E24: Testing | F24: MGR010 | G24: Grace Allen | H24: Distribution Center | I24: QA Technician | J24: Full-Time | K24: 2023-07-04 | L24: 1 to 3 years | M24: 2025-10-01 | N24: 2025-09-29 | O24: 2025-10-01 | P24: Wednesday | Q24: 0 | R24: 0 | S24: Morning | T24: 06:00 | U24: 14:00 | V24: 8 | W24: Fixed | X24: Present | Y24: 2025-10-01 06:00 | Z24: 2025-10-01 14:00 | AA24: 8 | AB24: 0 | AC24: 0 | AE24: 0 | AF24: 0 | AG24: 0 | AH24: 0 | AI24: 0 | AJ24: 1 | AK24: 8 | AL24: 0 | AM24: 26.85 | AN24: 1.5 | AO24: 214.8 | AP24: 0 | AQ24: 214.8 | AR24: 0 | AS24: 0 | AT24: 0 | AU24: 0 | AW24: 0 | AX24: 0 | AZ24: 0 | BA24: 0 | BB24: Low | BC24: Repeated data quality exceptions | BD24: On Time | BE24: Not Absent | BF24: No Overtime | BG24: No action
A25: AR000024 | B25: EMP0027 | C25: Taylor Jackson | D25: Fulfillment | E25: Inventory Control | F25: MGR003 | G25: Priya Shah | H25: Distribution Center | I25: Inventory Coordinator | J25: Full-Time | K25: 2025-07-12 | L25: Under 90 days | M25: 2025-10-01 | N25: 2025-09-29 | O25: 2025-10-01 | P25: Wednesday | Q25: 0 | R25: 0 | S25: Afternoon | T25: 14:00 | U25: 22:00 | V25: 8 | W25: Rotating | X25: Present | Y25: 2025-10-01 14:00 | Z25: 2025-10-01 22:00 | AA25: 8 | AB25: 0 | AC25: 0 | AE25: 0 | AF25: 0 | AG25: 0 | AH25: 0 | AI25: 0 | AJ25: 1 | AK25: 8 | AL25: 0 | AM25: 21.81 | AN25: 1.5 | AO25: 174.48 | AP25: 0 | AQ25: 174.48 | AR25: 0 | AS25: 0 | AT25: 0 | AU25: 0 | AW25: 0 | AX25: 0 | AZ25: 1 | BA25: 1 | BB25: Medium | BC25: Repeat lateness | BD25: On Time | BE25: Not Absent | BF25: No Overtime | BG25: Monitor
A26: AR000025 | B26: EMP0028 | C26: Riley Baker | D26: Fulfillment | E26: Picking | F26: MGR003 | G26: Priya Shah | H26: Distribution Center | I26: Fulfillment Lead | J26: Full-Time | K26: 2020-11-09 | L26: 3+ years | M26: 2025-10-01 | N26: 2025-09-29 | O26: 2025-10-01 | P26: Wednesday | Q26: 0 | R26: 0 | S26: Afternoon | T26: 14:00 | U26: 22:00 | V26: 8 | W26: Fixed | X26: Present | Y26: 2025-10-01 14:00 | Z26: 2025-10-01 22:00 | AA26: 8 | AB26: 0 | AC26: 0 | AE26: 0 | AF26: 0 | AG26: 0 | AH26: 0 | AI26: 0 | AJ26: 1 | AK26: 8 | AL26: 0 | AM26: 27.77 | AN26: 1.5 | AO26: 222.16 | AP26: 0 | AQ26: 222.16 | AR26: 0 | AS26: 0 | AT26: 0 | AU26: 0 | AW26: 0 | AX26: 0 | AZ26: 1 | BA26: 1 | BB26: Medium | BC26: Repeat lateness; Recurring absences | BD26: On Time | BE26: Not Absent | BF26: No Overtime | BG26: Monitor
A27: AR000026 | B27: EMP0029 | C27: Sam Morris | D27: Fulfillment | E27: Packing | F27: MGR001 | G27: Alicia Gomez | H27: Distribution Center | I27: Fulfillment Lead | J27: Full-Time | K27: 2022-01-13 | L27: 3+ years | M27: 2025-10-01 | N27: 2025-09-29 | O27: 2025-10-01 | P27: Wednesday | Q27: 0 | R27: 0 | S27: Afternoon | T27: 14:00 | U27: 22:00 | V27: 8 | W27: Weekend Support | X27: Present | Y27: 2025-10-01 14:00 | Z27: 2025-10-02 01:00 | AA27: 11 | AB27: 0 | AC27: 0 | AE27: 0 | AF27: 0 | AG27: 0 | AH27: 0 | AI27: 0 | AJ27: 1 | AK27: 8 | AL27: 3 | AM27: 31.9 | AN27: 1.5 | AO27: 255.2 | AP27: 143.55 | AQ27: 398.75 | AR27: 1 | AS27: 0 | AT27: 0 | AU27: 0 | AW27: 0 | AX27: 0 | AZ27: 0 | BA27: 0 | BB27: Medium | BC27: High overtime concentration | BD27: On Time | BE27: Not Absent | BF27: 2.25-4.0 hours | BG27: Schedule review
A28: AR000027 | B28: EMP0030 | C28: Parker Garcia | D28: Administration | E28: Office Services | F28: MGR014 | G28: Rachel Kim | H28: South Plant | I28: Operations Coordinator | J28: Full-Time | K28: 2024-07-22 | L28: 1 to 3 years | M28: 2025-10-01 | N28: 2025-09-29 | O28: 2025-10-01 | P28: Wednesday | Q28: 0 | R28: 0 | S28: Evening | T28: 16:00 | U28: 00:00 | V28: 8 | W28: Fixed | X28: Present | Y28: 2025-10-01 16:00 | Z28: 2025-10-02 00:00 | AA28: 8 | AB28: 0 | AC28: 0 | AE28: 0 | AF28: 0 | AG28: 0 | AH28: 0 | AI28: 0 | AJ28: 1 | AK28: 8 | AL28: 0 | AM28: 22.82 | AN28: 1.5 | AO28: 182.56 | AP28: 0 | AQ28: 182.56 | AR28: 0 | AS28: 0 | AT28: 0 | AU28: 0 | AW28: 0 | AX28: 0 | AZ28: 1 | BA28: 1 | BB28: Medium | BC28: Repeat lateness | BD28: On Time | BE28: Not Absent | BF28: No Overtime | BG28: Monitor
A29: AR000028 | B29: EMP0031 | C29: Rowan Evans | D29: Fulfillment | E29: Picking | F29: MGR001 | G29: Alicia Gomez | H29: Distribution Center | I29: Fulfillment Lead | J29: Part-Time | K29: 2025-07-21 | L29: Under 90 days | M29: 2025-10-01 | N29: 2025-09-29 | O29: 2025-10-01 | P29: Wednesday | Q29: 0 | R29: 0 | S29: Overnight | T29: 22:00 | U29: 06:00 | V29: 8 | W29: Part-Time | X29: Partial Shift | Y29: 2025-10-01 22:00 | Z29: 2025-10-02 04:57 | AA29: 6.95 | AB29: 0 | AC29: 63 | AE29: 0 | AF29: 0 | AG29: 1 | AH29: 0 | AI29: 0 | AJ29: 1 | AK29: 6.95 | AL29: 0 | AM29: 31.68 | AN29: 1.5 | AO29: 220.18 | AP29: 0 | AQ29: 220.18 | AR29: 0 | AS29: 0 | AT29: 1 | AU29: 1 | AV29: EMP0057 | AW29: 0 | AX29: 0 | AZ29: 1 | BA29: 1 | BB29: High | BC29: Repeat lateness; Recurring absences; Coverage gap pattern | BD29: On Time | BE29: Not Absent | BF29: No Overtime | BG29: Coaching recommended
A30: AR000029 | B30: EMP0032 | C30: Diana Walker | D30: Fulfillment | E30: Picking | F30: MGR002 | G30: Marcus Reed | H30: North Plant | I30: Warehouse Associate | J30: Full-Time | K30: 2023-01-06 | L30: 1 to 3 years | M30: 2025-10-01 | N30: 2025-09-29 | O30: 2025-10-01 | P30: Wednesday | Q30: 0 | R30: 0 | S30: Afternoon | T30: 14:00 | U30: 22:00 | V30: 8 | W30: Fixed | X30: Present | Y30: 2025-10-01 14:00 | Z30: 2025-10-01 22:00 | AA30: 8 | AB30: 0 | AC30: 0 | AE30: 0 | AF30: 0 | AG30: 0 | AH30: 0 | AI30: 0 | AJ30: 1 | AK30: 8 | AL30: 0 | AM30: 17.93 | AN30: 1.5 | AO30: 143.44 | AP30: 0 | AQ30: 143.44 | AR30: 0 | AS30: 0 | AT30: 0 | AU30: 0 | AW30: 0 | AX30: 0 | AZ30: 1 | BA30: 1 | BB30: Medium | BC30: Repeat lateness; Recurring absences; High overtime concentration; Coverage gap pattern | BD30: On Time | BE30: Not Absent | BF30: No Overtime | BG30: Schedule review
A31: AR000030 | B31: EMP0035 | C31: Kevin Baker | D31: Maintenance | E31: Equipment Repair | F31: MGR013 | G31: Miles Bennett | H31: South Plant | I31: Facilities Coordinator | J31: Full-Time | K31: 2020-09-01 | L31: 3+ years | M31: 2025-10-01 | N31: 2025-09-29 | O31: 2025-10-01 | P31: Wednesday | Q31: 0 | R31: 0 | S31: Afternoon | T31: 14:00 | U31: 22:00 | V31: 8 | W31: Rotating | X31: Present | Y31: 2025-10-01 14:00 | Z31: 2025-10-01 22:00 | AA31: 8 | AB31: 0 | AC31: 0 | AE31: 0 | AF31: 0 | AG31: 0 | AH31: 0 | AI31: 0 | AJ31: 1 | AK31: 8 | AL31: 0 | AM31: 28.39 | AN31: 1.5 | AO31: 227.12 | AP31: 0 | AQ31: 227.12 | AR31: 0 | AS31: 0 | AT31: 0 | AU31: 0 | AW31: 0 | AX31: 0 | AZ31: 1 | BA31: 1 | BB31: High | BC31: Repeat lateness; Recurring absences; Coverage gap pattern | BD31: On Time | BE31: Not Absent | BF31: No Overtime | BG31: Coaching recommended
A32: AR000031 | B32: EMP0036 | C32: Trevor Garcia | D32: Fulfillment | E32: Inventory Control | F32: MGR003 | G32: Priya Shah | H32: Distribution Center | I32: Inventory Coordinator | J32: Full-Time | K32: 2024-03-08 | L32: 1 to 3 years | M32: 2025-10-01 | N32: 2025-09-29 | O32: 2025-10-01 | P32: Wednesday | Q32: 0 | R32: 0 | S32: Overnight | T32: 22:00 | U32: 06:00 | V32: 8 | W32: Fixed | X32: Present | Y32: 2025-10-01 22:00 | Z32: 2025-10-02 06:00 | AA32: 8 | AB32: 0 | AC32: 0 | AE32: 0 | AF32: 0 | AG32: 0 | AH32: 0 | AI32: 0 | AJ32: 1 | AK32: 8 | AL32: 0 | AM32: 27.78 | AN32: 1.5 | AO32: 222.24 | AP32: 0 | AQ32: 222.24 | AR32: 0 | AS32: 0 | AT32: 0 | AU32: 0 | AW32: 0 | AX32: 0 | AZ32: 1 | BA32: 1 | BB32: Medium | BC32: Repeat lateness | BD32: On Time | BE32: Not Absent | BF32: No Overtime | BG32: Monitor
A33: AR000032 | B33: EMP0038 | C33: Riley Evans | D33: Production | E33: Line B | F33: MGR009 | G33: Luis Romero | H33: South Plant | I33: Production Operator | J33: Full-Time | K33: 2020-07-01 | L33: 3+ years | M33: 2025-10-01 | N33: 2025-09-29 | O33: 2025-10-01 | P33: Wednesday | Q33: 0 | R33: 0 | S33: Evening | T33: 16:00 | U33: 00:00 | V33: 8 | W33: Weekend Support | X33: Present | Y33: 2025-10-01 16:00 | Z33: 2025-10-02 00:00 | AA33: 8 | AB33: 0 | AC33: 0 | AE33: 0 | AF33: 0 | AG33: 0 | AH33: 0 | AI33: 0 | AJ33: 1 | AK33: 8 | AL33: 0 | AM33: 25.38 | AN33: 1.5 | AO33: 203.04 | AP33: 0 | AQ33: 203.04 | AR33: 0 | AS33: 0 | AT33: 0 | AU33: 0 | AW33: 0 | AX33: 0 | AZ33: 1 | BA33: 1 | BB33: Medium | BC33: Repeat lateness | BD33: On Time | BE33: Not Absent | BF33: No Overtime | BG33: Monitor
A34: AR000033 | B34: EMP0039 | C34: Parker Xu | D34: Customer Support | E34: Account Support | F34: MGR006 | G34: Harper Lee | H34: South Plant | I34: Customer Care Analyst | J34: Full-Time | K34: 2020-02-10 | L34: 3+ years | M34: 2025-10-01 | N34: 2025-09-29 | O34: 2025-10-01 | P34: Wednesday | Q34: 0 | R34: 0 | S34: Afternoon | T34: 14:00 | U34: 22:00 | V34: 8 | W34: Rotating | X34: Present | Y34: 2025-10-01 14:00 | Z34: 2025-10-01 22:00 | AA34: 8 | AB34: 0 | AC34: 0 | AE34: 0 | AF34: 0 | AG34: 0 | AH34: 0 | AI34: 0 | AJ34: 1 | AK34: 8 | AL34: 0 | AM34: 27.06 | AN34: 1.5 | AO34: 216.48 | AP34: 0 | AQ34: 216.48 | AR34: 0 | AS34: 0 | AT34: 0 | AU34: 0 | AW34: 0 | AX34: 0 | AZ34: 1 | BA34: 1 | BB34: Medium | BC34: Repeat lateness; Repeated data quality exceptions | BD34: On Time | BE34: Not Absent | BF34: No Overtime | BG34: Monitor
A35: AR000034 | B35: EMP0040 | C35: Parker Franklin | D35: Production | E35: Line A | F35: MGR008 | G35: Maya Johnson | H35: North Plant | I35: Production Operator | J35: Full-Time | K35: 2020-11-12 | L35: 3+ years | M35: 2025-10-01 | N35: 2025-09-29 | O35: 2025-10-01 | P35: Wednesday | Q35: 0 | R35: 0 | S35: Evening | T35: 16:00 | U35: 00:00 | V35: 8 | W35: Fixed | X35: Present | Y35: 2025-10-01 16:00 | Z35: 2025-10-02 00:00 | AA35: 8 | AB35: 0 | AC35: 0 | AE35: 0 | AF35: 0 | AG35: 0 | AH35: 0 | AI35: 0 | AJ35: 1 | AK35: 8 | AL35: 0 | AM35: 22.08 | AN35: 1.5 | AO35: 176.64 | AP35: 0 | AQ35: 176.64 | AR35: 0 | AS35: 0 | AT35: 0 | AU35: 0 | AW35: 0 | AX35: 0 | AZ35: 1 | BA35: 1 | BB35: Medium | BC35: Recurring absences | BD35: On Time | BE35: Not Absent | BF35: No Overtime | BG35: Monitor
A36: AR000035 | B36: EMP0041 | C36: Taylor Vargas | D36: Customer Support | E36: Escalations | F36: MGR004 | G36: Daniel Brooks | H36: South Plant | I36: Customer Care Analyst | J36: Full-Time | K36: 2023-12-21 | L36: 1 to 3 years | M36: 2025-10-01 | N36: 2025-09-29 | O36: 2025-10-01 | P36: Wednesday | Q36: 0 | R36: 0 | S36: Evening | T36: 16:00 | U36: 00:00 | V36: 8 | W36: Fixed | X36: Late Arrival | Y36: 2025-10-01 16:24 | Z36: 2025-10-02 00:00 | AA36: 7.6 | AB36: 24 | AC36: 0 | AE36: 0 | AF36: 0 | AG36: 0 | AH36: 1 | AI36: 0 | AJ36: 1 | AK36: 7.6 | AL36: 0 | AM36: 26.9 | AN36: 1.5 | AO36: 204.44 | AP36: 0 | AQ36: 204.44 | AR36: 0 | AS36: 0 | AT36: 0 | AU36: 0 | AW36: 0 | AX36: 0 | AZ36: 1 | BA36: 1 | BB36: Medium | BC36: Repeat lateness; Recurring absences | BD36: 16-30 minutes | BE36: Not Absent | BF36: No Overtime | BG36: Coaching recommended
A37: AR000036 | B37: EMP0042 | C37: Emerson Irwin | D37: Fulfillment | E37: Packing | F37: MGR001 | G37: Alicia Gomez | H37: North Plant | I37: Fulfillment Lead | J37: Full-Time | K37: 2020-11-25 | L37: 3+ years | M37: 2025-10-01 | N37: 2025-09-29 | O37: 2025-10-01 | P37: Wednesday | Q37: 0 | R37: 0 | S37: Afternoon | T37: 14:00 | U37: 22:00 | V37: 8 | W37: Fixed | X37: Present | Y37: 2025-10-01 14:00 | Z37: 2025-10-01 22:00 | AA37: 8 | AB37: 0 | AC37: 0 | AE37: 0 | AF37: 0 | AG37: 0 | AH37: 0 | AI37: 0 | AJ37: 1 | AK37: 8 | AL37: 0 | AM37: 29.13 | AN37: 1.5 | AO37: 233.04 | AP37: 0 | AQ37: 233.04 | AR37: 0 | AS37: 0 | AT37: 0 | AU37: 0 | AW37: 0 | AX37: 0 | AZ37: 1 | BA37: 1 | BB37: Medium | BC37: Repeat lateness; Recurring absences | BD37: On Time | BE37: Not Absent | BF37: No Overtime | BG37: Monitor
A38: AR000037 | B38: EMP0043 | C38: Paige Powell | D38: Production | E38: Assembly | F38: MGR007 | G38: Owen Carter | H38: South Plant | I38: Line Lead | J38: Full-Time | K38: 2025-08-16 | L38: Under 90 days | M38: 2025-10-01 | N38: 2025-09-29 | O38: 2025-10-01 | P38: Wednesday | Q38: 0 | R38: 0 | S38: Morning | T38: 06:00 | U38: 14:00 | V38: 8 | W38: Fixed | X38: Present | Y38: 2025-10-01 06:00 | Z38: 2025-10-01 14:00 | AA38: 8 | AB38: 0 | AC38: 0 | AE38: 0 | AF38: 0 | AG38: 0 | AH38: 0 | AI38: 0 | AJ38: 1 | AK38: 8 | AL38: 0 | AM38: 28.38 | AN38: 1.5 | AO38: 227.04 | AP38: 0 | AQ38: 227.04 | AR38: 0 | AS38: 0 | AT38: 0 | AU38: 0 | AW38: 0 | AX38: 0 | AZ38: 1 | BA38: 1 | BB38: Medium | BC38: Repeat lateness; Repeated data quality exceptions | BD38: On Time | BE38: Not Absent | BF38: No Overtime | BG38: Monitor
A39: AR000038 | B39: EMP0044 | C39: Jordan Anderson | D39: Maintenance | E39: Equipment Repair | F39: MGR013 | G39: Miles Bennett | H39: Distribution Center | I39: Maintenance Lead | J39: Full-Time | K39: 2025-07-13 | L39: Under 90 days | M39: 2025-10-01 | N39: 2025-09-29 | O39: 2025-10-01 | P39: Wednesday | Q39: 0 | R39: 0 | S39: Morning | T39: 06:00 | U39: 14:00 | V39: 8 | W39: Fixed | X39: Present | Y39: 2025-10-01 06:00 | Z39: 2025-10-01 14:00 | AA39: 8 | AB39: 0 | AC39: 0 | AE39: 0 | AF39: 0 | AG39: 0 | AH39: 0 | AI39: 0 | AJ39: 1 | AK39: 8 | AL39: 0 | AM39: 29.81 | AN39: 1.5 | AO39: 238.48 | AP39: 0 | AQ39: 238.48 | AR39: 0 | AS39: 0 | AT39: 0 | AU39: 0 | AW39: 0 | AX39: 0 | AZ39: 0 | BA39: 0 | BB39: Low | BC39: Repeated data quality exceptions | BD39: On Time | BE39: Not Absent | BF39: No Overtime | BG39: No action
A40: AR000039 | B40: EMP0045 | C40: Jasmine Coleman | D40: Customer Support | E40: Tier 1 Support | F40: MGR005 | G40: Nina Patel | H40: South Plant | I40: Customer Care Analyst | J40: Part-Time | K40: 2025-07-30 | L40: Under 90 days | M40: 2025-10-01 | N40: 2025-09-29 | O40: 2025-10-01 | P40: Wednesday | Q40: 0 | R40: 0 | S40: Afternoon | T40: 14:00 | U40: 22:00 | V40: 8 | W40: Part-Time | X40: Present | Y40: 2025-10-01 14:00 | Z40: 2025-10-01 22:00 | AA40: 8 | AB40: 0 | AC40: 0 | AE40: 0 | AF40: 0 | AG40: 0 | AH40: 0 | AI40: 0 | AJ40: 1 | AK40: 8 | AL40: 0 | AM40: 28.88 | AN40: 1.5 | AO40: 231.04 | AP40: 0 | AQ40: 231.04 | AR40: 0 | AS40: 0 | AT40: 0 | AU40: 0 | AW40: 0 | AX40: 0 | AZ40: 1 | BA40: 1 | BB40: Medium | BC40: Repeat lateness; Recurring absences; Repeated data quality exceptions | BD40: On Time | BE40: Not Absent | BF40: No Overtime | BG40: Monitor
A41: AR000040 | B41: EMP0046 | C41: Alex Garcia | D41: Customer Support | E41: Escalations | F41: MGR006 | G41: Harper Lee | H41: South Plant | I41: Support Team Lead | J41: Full-Time | K41: 2021-11-30 | L41: 3+ years | M41: 2025-10-01 | N41: 2025-09-29 | O41: 2025-10-01 | P41: Wednesday | Q41: 0 | R41: 0 | S41: Overnight | T41: 22:00 | U41: 06:00 | V41: 8 | W41: Fixed | X41: Partial Shift | Y41: 2025-10-01 22:00 | Z41: 2025-10-02 06:04 | AA41: 8.07 | AB41: 0 | AC41: 56 | AE41: 0 | AF41: 0 | AG41: 1 | AH41: 0 | AI41: 0 | AJ41: 1 | AK41: 8 | AL41: 1 | AM41: 33.3 | AN41: 1.5 | AO41: 266.4 | AP41: 49.95 | AQ41: 316.35 | AR41: 1 | AS41: 0 | AT41: 1 | AU41: 1 | AV41: EMP0009 | AW41: 0 | AX41: 0 | AZ41: 1 | BA41: 1 | BB41: Medium | BC41: Repeat lateness; High overtime concentration | BD41: On Time | BE41: Not Absent | BF41: 0.5-2.0 hours | BG41: Schedule review
A42: AR000041 | B42: EMP0047 | C42: Avery Lewis | D42: Production | E42: Line A | F42: MGR008 | G42: Maya Johnson | H42: North Plant | I42: Assembly Technician | J42: Part-Time | K42: 2025-09-04 | L42: Under 90 days | M42: 2025-10-01 | N42: 2025-09-29 | O42: 2025-10-01 | P42: Wednesday | Q42: 0 | R42: 0 | S42: Afternoon | T42: 14:00 | U42: 22:00 | V42: 8 | W42: Part-Time | X42: Present | Y42: 2025-10-01 14:00 | Z42: 2025-10-01 22:00 | AA42: 8 | AB42: 0 | AC42: 0 | AE42: 0 | AF42: 0 | AG42: 0 | AH42: 0 | AI42: 0 | AJ42: 1 | AK42: 8 | AL42: 0 | AM42: 23.66 | AN42: 1.5 | AO42: 189.28 | AP42: 0 | AQ42: 189.28 | AR42: 0 | AS42: 0 | AT42: 0 | AU42: 0 | AW42: 0 | AX42: 0 | AZ42: 1 | BA42: 1 | BB42: Medium | BC42: Repeat lateness | BD42: On Time | BE42: Not Absent | BF42: No Overtime | BG42: Monitor
A43: AR000042 | B43: EMP0048 | C43: Oscar Vargas | D43: Maintenance | E43: Preventive Maintenance | F43: MGR012 | G43: Sofia Rivera | H43: Distribution Center | I43: Maintenance Lead | J43: Full-Time | K43: 2025-04-09 | L43: 90 days to 1 year | M43: 2025-10-01 | N43: 2025-09-29 | O43: 2025-10-01 | P43: Wednesday | Q43: 0 | R43: 0 | S43: Evening | T43: 16:00 | U43: 00:00 | V43: 8 | W43: Fixed | X43: Present | Y43: 2025-10-01 16:00 | Z43: 2025-10-02 00:00 | AA43: 8 | AB43: 0 | AC43: 0 | AE43: 0 | AF43: 0 | AG43: 0 | AH43: 0 | AI43: 0 | AJ43: 1 | AK43: 8 | AL43: 0 | AM43: 28.48 | AN43: 1.5 | AO43: 227.84 | AP43: 0 | AQ43: 227.84 | AR43: 0 | AS43: 0 | AT43: 0 | AU43: 0 | AW43: 0 | AX43: 0 | AZ43: 1 | BA43: 1 | BB43: Medium | BC43: Recurring absences | BD43: On Time | BE43: Not Absent | BF43: No Overtime | BG43: Monitor
A44: AR000043 | B44: EMP0049 | C44: Selena Walker | D44: Customer Support | E44: Account Support | F44: MGR006 | G44: Harper Lee | H44: Remote Support | I44: Support Team Lead | J44: Part-Time | K44: 2023-03-07 | L44: 1 to 3 years | M44: 2025-10-01 | N44: 2025-09-29 | O44: 2025-10-01 | P44: Wednesday | Q44: 0 | R44: 0 | S44: Evening | T44: 16:00 | U44: 00:00 | V44: 8 | W44: Part-Time | X44: Present | Y44: 2025-10-01 16:00 | Z44: 2025-10-02 03:00 | AA44: 11 | AB44: 0 | AC44: 0 | AE44: 0 | AF44: 0 | AG44: 0 | AH44: 0 | AI44: 0 | AJ44: 1 | AK44: 8 | AL44: 3 | AM44: 26.96 | AN44: 1.5 | AO44: 215.68 | AP44: 121.32 | AQ44: 337 | AR44: 1 | AS44: 0 | AT44: 0 | AU44: 0 | AW44: 0 | AX44: 0 | AZ44: 0 | BA44: 0 | BB44: Low | BC44: No notable repeat attendance risk | BD44: On Time | BE44: Not Absent | BF44: 2.25-4.0 hours | BG44: No action
A45: AR000044 | B45: EMP0050 | C45: Farah Young | D45: Customer Support | E45: Tier 1 Support | F45: MGR006 | G45: Harper Lee | H45: Remote Support | I45: Support Specialist | J45: Full-Time | K45: 2025-09-15 | L45: Under 90 days | M45: 2025-10-01 | N45: 2025-09-29 | O45: 2025-10-01 | P45: Wednesday | Q45: 0 | R45: 0 | S45: Afternoon | T45: 14:00 | U45: 22:00 | V45: 8 | W45: Fixed | X45: Present | Y45: 2025-10-01 14:00 | Z45: 2025-10-01 22:30 | AA45: 8.5 | AB45: 0 | AC45: 0 | AE45: 0 | AF45: 0 | AG45: 0 | AH45: 0 | AI45: 0 | AJ45: 1 | AK45: 8 | AL45: 0.5 | AM45: 27.09 | AN45: 1.5 | AO45: 216.72 | AP45: 20.32 | AQ45: 237.04 | AR45: 1 | AS45: 0 | AT45: 0 | AU45: 0 | AW45: 0 | AX45: 0 | AZ45: 1 | BA45: 1 | BB45: Medium | BC45: Repeat lateness | BD45: On Time | BE45: Not Absent | BF45: 0.5-2.0 hours | BG45: Monitor
A46: AR000045 | B46: EMP0053 | C46: Paige Baker | D46: Administration | E46: Finance Operations | F46: MGR015 | G46: Thomas Nguyen | H46: North Plant | I46: Operations Coordinator | J46: Part-Time | K46: 2025-05-11 | L46: 90 days to 1 year | M46: 2025-10-01 | N46: 2025-09-29 | O46: 2025-10-01 | P46: Wednesday | Q46: 0 | R46: 0 | S46: Morning | T46: 06:00 | U46: 14:00 | V46: 8 | W46: Part-Time | X46: Present | Y46: 2025-10-01 06:00 | Z46: 2025-10-01 15:30 | AA46: 9.5 | AB46: 0 | AC46: 0 | AE46: 0 | AF46: 0 | AG46: 0 | AH46: 0 | AI46: 0 | AJ46: 1 | AK46: 8 | AL46: 1.5 | AM46: 28.22 | AN46: 1.5 | AO46: 225.76 | AP46: 63.5 | AQ46: 289.26 | AR46: 1 | AS46: 0 | AT46: 0 | AU46: 0 | AW46: 0 | AX46: 0 | AZ46: 0 | BA46: 0 | BB46: Low | BC46: No notable repeat attendance risk | BD46: On Time | BE46: Not Absent | BF46: 0.5-2.0 hours | BG46: No action
A47: AR000046 | B47: EMP0054 | C47: Farah Chen | D47: Fulfillment | E47: Packing | F47: MGR002 | G47: Marcus Reed | H47: Distribution Center | I47: Fulfillment Lead | J47: Full-Time | K47: 2021-11-11 | L47: 3+ years | M47: 2025-10-01 | N47: 2025-09-29 | O47: 2025-10-01 | P47: Wednesday | Q47: 0 | R47: 0 | S47: Morning | T47: 06:00 | U47: 14:00 | V47: 8 | W47: Fixed | X47: Late Arrival | Y47: 2025-10-01 06:16 | Z47: 2025-10-01 14:00 | AA47: 7.73 | AB47: 16 | AC47: 0 | AE47: 0 | AF47: 0 | AG47: 0 | AH47: 1 | AI47: 0 | AJ47: 1 | AK47: 7.73 | AL47: 0 | AM47: 31.67 | AN47: 1.5 | AO47: 244.81 | AP47: 0 | AQ47: 244.81 | AR47: 0 | AS47: 0 | AT47: 0 | AU47: 0 | AW47: 0 | AX47: 0 | AZ47: 1 | BA47: 1 | BB47: High | BC47: Repeat lateness; Recurring absences; Repeated data quality exceptions | BD47: 16-30 minutes | BE47: Not Absent | BF47: No Overtime | BG47: Coaching recommended
A48: AR000047 | B48: EMP0056 | C48: Finley Diaz | D48: Maintenance | E48: Equipment Repair | F48: MGR012 | G48: Sofia Rivera | H48: North Plant | I48: Maintenance Technician | J48: Full-Time | K48: 2021-08-05 | L48: 3+ years | M48: 2025-10-01 | N48: 2025-09-29 | O48: 2025-10-01 | P48: Wednesday | Q48: 0 | R48: 0 | S48: Afternoon | T48: 14:00 | U48: 22:00 | V48: 8 | W48: Fixed | X48: Present | Y48: 2025-10-01 14:00 | Z48: 2025-10-01 22:30 | AA48: 8.5 | AB48: 0 | AC48: 0 | AE48: 0 | AF48: 0 | AG48: 0 | AH48: 0 | AI48: 0 | AJ48: 1 | AK48: 8 | AL48: 0.5 | AM48: 22.97 | AN48: 1.5 | AO48: 183.76 | AP48: 17.23 | AQ48: 200.99 | AR48: 1 | AS48: 0 | AT48: 0 | AU48: 0 | AW48: 0 | AX48: 0 | AZ48: 1 | BA48: 1 | BB48: High | BC48: Repeat lateness | BD48: On Time | BE48: Not Absent | BF48: 0.5-2.0 hours | BG48: Coaching recommended
A49: AR000048 | B49: EMP0058 | C49: Kevin Jackson | D49: Administration | E49: Office Services | F49: MGR014 | G49: Rachel Kim | H49: North Plant | I49: Administrative Specialist | J49: Part-Time | K49: 2021-05-20 | L49: 3+ years | M49: 2025-10-01 | N49: 2025-09-29 | O49: 2025-10-01 | P49: Wednesday | Q49: 0 | R49: 0 | S49: Morning | T49: 06:00 | U49: 14:00 | V49: 8 | W49: Rotating | X49: Present | Y49: 2025-10-01 06:00 | Z49: 2025-10-01 14:00 | AA49: 8 | AB49: 0 | AC49: 0 | AE49: 0 | AF49: 0 | AG49: 0 | AH49: 0 | AI49: 0 | AJ49: 1 | AK49: 8 | AL49: 0 | AM49: 23.06 | AN49: 1.5 | AO49: 184.48 | AP49: 0 | AQ49: 184.48 | AR49: 0 | AS49: 0 | AT49: 0 | AU49: 0 | AW49: 0 | AX49: 0 | AZ49: 0 | BA49: 0 | BB49: Low | BC49: No notable repeat attendance risk | BD49: On Time | BE49: Not Absent | BF49: No Overtime | BG49: No action
A50: AR000049 | B50: EMP0061 | C50: Sam Jackson | D50: Production | E50: Assembly | F50: MGR009 | G50: Luis Romero | H50: South Plant | I50: Production Operator | J50: Part-Time | K50: 2024-11-28 | L50: 90 days to 1 year | M50: 2025-10-01 | N50: 2025-09-29 | O50: 2025-10-01 | P50: Wednesday | Q50: 0 | R50: 0 | S50: Afternoon | T50: 14:00 | U50: 22:00 | V50: 8 | W50: Part-Time | X50: Present | Y50: 2025-10-01 14:00 | Z50: 2025-10-01 23:00 | AA50: 9 | AB50: 0 | AC50: 0 | AE50: 0 | AF50: 0 | AG50: 0 | AH50: 0 | AI50: 0 | AJ50: 1 | AK50: 8 | AL50: 1 | AM50: 25.4 | AN50: 1.5 | AO50: 203.2 | AP50: 38.1 | AQ50: 241.3 | AR50: 1 | AS50: 0 | AT50: 0 | AU50: 0 | AW50: 0 | AX50: 0 | AZ50: 1 | BA50: 1 | BB50: High | BC50: Repeat lateness; Repeated data quality exceptions | BD50: On Time | BE50: Not Absent | BF50: 0.5-2.0 hours | BG50: Coaching recommended
A51: AR000050 | B51: EMP0062 | C51: Jasmine Xu | D51: Production | E51: Assembly | F51: MGR009 | G51: Luis Romero | H51: North Plant | I51: Production Operator | J51: Full-Time | K51: 2024-09-14 | L51: 1 to 3 years | M51: 2025-10-01 | N51: 2025-09-29 | O51: 2025-10-01 | P51: Wednesday | Q51: 0 | R51: 0 | S51: Evening | T51: 16:00 | U51: 00:00 | V51: 8 | W51: Fixed | X51: Late Arrival | Y51: 2025-10-01 16:35 | Z51: 2025-10-02 00:00 | AA51: 7.42 | AB51: 35 | AC51: 0 | AE51: 0 | AF51: 0 | AG51: 0 | AH51: 1 | AI51: 0 | AJ51: 1 | AK51: 7.42 | AL51: 0 | AM51: 23.68 | AN51: 1.5 | AO51: 175.71 | AP51: 0 | AQ51: 175.71 | AR51: 0 | AS51: 0 | AT51: 0 | AU51: 0 | AW51: 0 | AX51: 0 | AZ51: 1 | BA51: 1 | BB51: High | BC51: Repeat lateness; Repeated data quality exceptions | BD51: 31-60 minutes | BE51: Not Absent | BF51: No Overtime | BG51: Coaching recommended
A52: AR000051 | B52: EMP0063 | C52: Oscar Hughes | D52: Quality Assurance | E52: Inspection | F52: MGR010 | G52: Grace Allen | H52: North Plant | I52: Quality Analyst | J52: Full-Time | K52: 2021-09-05 | L52: 3+ years | M52: 2025-10-01 | N52: 2025-09-29 | O52: 2025-10-01 | P52: Wednesday | Q52: 0 | R52: 0 | S52: Morning | T52: 06:00 | U52: 14:00 | V52: 8 | W52: Rotating | X52: Present | Y52: 2025-10-01 06:00 | Z52: 2025-10-01 14:00 | AA52: 8 | AB52: 0 | AC52: 0 | AE52: 0 | AF52: 0 | AG52: 0 | AH52: 0 | AI52: 0 | AJ52: 1 | AK52: 8 | AL52: 0 | AM52: 26.96 | AN52: 1.5 | AO52: 215.68 | AP52: 0 | AQ52: 215.68 | AR52: 0 | AS52: 0 | AT52: 0 | AU52: 0 | AW52: 0 | AX52: 0 | AZ52: 1 | BA52: 1 | BB52: Medium | BC52: Repeat lateness; Repeated data quality exceptions | BD52: On Time | BE52: Not Absent | BF52: No Overtime | BG52: Monitor
A53: AR000052 | B53: EMP0064 | C53: Jordan Powell | D53: Production | E53: Line A | F53: MGR009 | G53: Luis Romero | H53: North Plant | I53: Assembly Technician | J53: Full-Time | K53: 2020-08-21 | L53: 3+ years | M53: 2025-10-01 | N53: 2025-09-29 | O53: 2025-10-01 | P53: Wednesday | Q53: 0 | R53: 0 | S53: Morning | T53: 06:00 | U53: 14:00 | V53: 8 | W53: Fixed | X53: Present | Y53: 2025-10-01 06:00 | Z53: 2025-10-01 14:00 | AA53: 8 | AB53: 0 | AC53: 0 | AE53: 0 | AF53: 0 | AG53: 0 | AH53: 0 | AI53: 0 | AJ53: 1 | AK53: 8 | AL53: 0 | AM53: 26.4 | AN53: 1.5 | AO53: 211.2 | AP53: 0 | AQ53: 211.2 | AR53: 0 | AS53: 0 | AT53: 0 | AU53: 0 | AW53: 0 | AX53: 0 | AZ53: 1 | BA53: 1 | BB53: High | BC53: Repeat lateness | BD53: On Time | BE53: Not Absent | BF53: No Overtime | BG53: Coaching recommended
... A73: AR000072 | B73: EMP0097 | C73: Avery Baker | D73: Customer Support | E73: Account Support | F73: MGR005 | G73: Nina Patel | H73: Remote Support | I73: Support Team Lead | J73: Part-Time | K73: 2020-11-09 | L73: 3+ years | M73: 2025-10-01 | N73: 2025-09-29 | O73: 2025-10-01 | P73: Wednesday | Q73: 0 | R73: 0 | S73: Morning | T73: 06:00 | U73: 14:00 | V73: 8 | W73: Part-Time | X73: Present | Y73: 2025-10-01 06:00 | Z73: 2025-10-01 15:30 | AA73: 9.5 | AB73: 0 | AC73: 0 | AE73: 0 | AF73: 0 | AG73: 0 | AH73: 0 | AI73: 0 | AJ73: 1 | AK73: 8 | AL73: 1.5 | AM73: 33.46 | AN73: 1.5 | AO73: 267.68 | AP73: 75.29 | AQ73: 342.97 | AR73: 1 | AS73: 0 | AT73: 0 | AU73: 0 | AW73: 0 | AX73: 0 | AZ73: 1 | BA73: 1 | BB73: Medium | BC73: Repeat lateness | BD73: On Time | BE73: Not Absent | BF73: 0.5-2.0 hours | BG73: Monitor
A74: AR000073 | B74: EMP0098 | C74: Rowan Morris | D74: Maintenance | E74: Preventive Maintenance | F74: MGR012 | G74: Sofia Rivera | H74: North Plant | I74: Maintenance Technician | J74: Full-Time | K74: 2023-04-01 | L74: 1 to 3 years | M74: 2025-10-01 | N74: 2025-09-29 | O74: 2025-10-01 | P74: Wednesday | Q74: 0 | R74: 0 | S74: Overnight | T74: 22:00 | U74: 06:00 | V74: 8 | W74: Fixed | X74: Absent | AA74: 0 | AB74: 0 | AC74: 0 | AD74: Family/Emergency | AE74: 1 | AF74: 0 | AG74: 0 | AH74: 0 | AI74: 1 | AJ74: 0 | AK74: 0 | AL74: 0 | AM74: 25.28 | AN74: 1.5 | AO74: 0 | AP74: 0 | AQ74: 0 | AR74: 0 | AS74: 0 | AT74: 0 | AU74: 0 | AW74: 1 | AX74: 0 | AZ74: 1 | BA74: 1 | BB74: Medium | BC74: Repeat lateness; Repeated data quality exceptions | BD74: On Time | BE74: Unscheduled Absence | BF74: No Overtime | BG74: Monitor
A75: AR000074 | B75: EMP0099 | C75: Rowan Walker | D75: Fulfillment | E75: Picking | F75: MGR001 | G75: Alicia Gomez | H75: Distribution Center | I75: Fulfillment Lead | J75: Part-Time | K75: 2022-08-13 | L75: 3+ years | M75: 2025-10-01 | N75: 2025-09-29 | O75: 2025-10-01 | P75: Wednesday | Q75: 0 | R75: 0 | S75: Morning | T75: 06:00 | U75: 14:00 | V75: 8 | W75: Part-Time | X75: Present | Y75: 2025-10-01 06:00 | Z75: 2025-10-01 14:00 | AA75: 8 | AB75: 0 | AC75: 0 | AE75: 0 | AF75: 0 | AG75: 0 | AH75: 0 | AI75: 0 | AJ75: 1 | AK75: 8 | AL75: 0 | AM75: 31.44 | AN75: 1.5 | AO75: 251.52 | AP75: 0 | AQ75: 251.52 | AR75: 0 | AS75: 0 | AT75: 0 | AU75: 0 | AW75: 0 | AX75: 0 | AZ75: 1 | BA75: 1 | BB75: Medium | BC75: Repeat lateness; Recurring absences; High overtime concentration | BD75: On Time | BE75: Not Absent | BF75: No Overtime | BG75: Schedule review
A76: AR000075 | B76: EMP0100 | C76: Isaac Hughes | D76: Quality Assurance | E76: Compliance | F76: MGR010 | G76: Grace Allen | H76: North Plant | I76: Quality Analyst | J76: Full-Time | K76: 2025-08-13 | L76: Under 90 days | M76: 2025-10-01 | N76: 2025-09-29 | O76: 2025-10-01 | P76: Wednesday | Q76: 0 | R76: 0 | S76: Evening | T76: 16:00 | U76: 00:00 | V76: 8 | W76: Fixed | X76: Present | Y76: 2025-10-01 16:00 | Z76: 2025-10-02 00:00 | AA76: 8 | AB76: 0 | AC76: 0 | AE76: 0 | AF76: 0 | AG76: 0 | AH76: 0 | AI76: 0 | AJ76: 1 | AK76: 8 | AL76: 0 | AM76: 25.98 | AN76: 1.5 | AO76: 207.84 | AP76: 0 | AQ76: 207.84 | AR76: 0 | AS76: 0 | AT76: 0 | AU76: 0 | AW76: 0 | AX76: 0 | AZ76: 1 | BA76: 1 | BB76: Medium | BC76: Recurring absences; High overtime concentration; Coverage gap pattern | BD76: On Time | BE76: Not Absent | BF76: No Overtime | BG76: Schedule review
A77: AR000076 | B77: EMP0101 | C77: Paige Lewis | D77: Maintenance | E77: Preventive Maintenance | F77: MGR012 | G77: Sofia Rivera | H77: South Plant | I77: Facilities Coordinator | J77: Full-Time | K77: 2025-08-28 | L77: Under 90 days | M77: 2025-10-01 | N77: 2025-09-29 | O77: 2025-10-01 | P77: Wednesday | Q77: 0 | R77: 0 | S77: Morning | T77: 06:00 | U77: 14:00 | V77: 8 | W77: Fixed | X77: Absent | AA77: 0 | AB77: 0 | AC77: 0 | AD77: Unexcused | AE77: 0 | AF77: 0 | AG77: 0 | AH77: 0 | AI77: 1 | AJ77: 0 | AK77: 0 | AL77: 0 | AM77: 24.5 | AN77: 1.5 | AO77: 0 | AP77: 0 | AQ77: 0 | AR77: 0 | AS77: 0 | AT77: 0 | AU77: 0 | AW77: 0 | AX77: 0 | AZ77: 0 | BA77: 0 | BB77: Low | BC77: Repeated data quality exceptions | BD77: On Time | BE77: Unexcused Absence | BF77: No Overtime | BG77: Attendance follow-up
A78: AR000077 | B78: EMP0102 | C78: Kevin Turner | D78: Fulfillment | E78: Picking | F78: MGR001 | G78: Alicia Gomez | H78: Distribution Center | I78: Inventory Coordinator | J78: Full-Time | K78: 2020-04-16 | L78: 3+ years | M78: 2025-10-01 | N78: 2025-09-29 | O78: 2025-10-01 | P78: Wednesday | Q78: 0 | R78: 0 | S78: Morning | T78: 06:00 | U78: 14:00 | V78: 8 | W78: Fixed | X78: Present | Y78: 2025-10-01 06:00 | Z78: 2025-10-01 14:00 | AA78: 8 | AB78: 0 | AC78: 0 | AE78: 0 | AF78: 0 | AG78: 0 | AH78: 0 | AI78: 0 | AJ78: 1 | AK78: 8 | AL78: 0 | AM78: 26.24 | AN78: 1.5 | AO78: 209.92 | AP78: 0 | AQ78: 209.92 | AR78: 0 | AS78: 0 | AT78: 0 | AU78: 0 | AW78: 0 | AX78: 0 | AZ78: 1 | BA78: 1 | BB78: Medium | BC78: Repeat lateness; High overtime concentration | BD78: On Time | BE78: Not Absent | BF78: No Overtime | BG78: Schedule review
A79: AR000078 | B79: EMP0103 | C79: Sam Zimmerman | D79: Maintenance | E79: Facilities | F79: MGR013 | G79: Miles Bennett | H79: North Plant | I79: Facilities Coordinator | J79: Full-Time | K79: 2022-06-05 | L79: 3+ years | M79: 2025-10-01 | N79: 2025-09-29 | O79: 2025-10-01 | P79: Wednesday | Q79: 0 | R79: 0 | S79: Morning | T79: 06:00 | U79: 14:00 | V79: 8 | W79: Rotating | X79: Present | Y79: 2025-10-01 06:00 | Z79: 2025-10-01 14:00 | AA79: 8 | AB79: 0 | AC79: 0 | AE79: 0 | AF79: 0 | AG79: 0 | AH79: 0 | AI79: 0 | AJ79: 1 | AK79: 8 | AL79: 0 | AM79: 25.28 | AN79: 1.5 | AO79: 202.24 | AP79: 0 | AQ79: 202.24 | AR79: 0 | AS79: 0 | AT79: 0 | AU79: 0 | AW79: 0 | AX79: 0 | AZ79: 1 | BA79: 1 | BB79: Medium | BC79: Repeat lateness; Recurring absences; Repeated data quality exceptions | BD79: On Time | BE79: Not Absent | BF79: No Overtime | BG79: Monitor
A80: AR000079 | B80: EMP0104 | C80: Kevin Anderson | D80: Fulfillment | E80: Inventory Control | F80: MGR002 | G80: Marcus Reed | H80: Distribution Center | I80: Fulfillment Lead | J80: Full-Time | K80: 2021-11-26 | L80: 3+ years | M80: 2025-10-01 | N80: 2025-09-29 | O80: 2025-10-01 | P80: Wednesday | Q80: 0 | R80: 0 | S80: Morning | T80: 06:00 | U80: 14:00 | V80: 8 | W80: Rotating | X80: Absent | AA80: 0 | AB80: 0 | AC80: 0 | AD80: Sick | AE80: 1 | AF80: 0 | AG80: 0 | AH80: 0 | AI80: 1 | AJ80: 0 | AK80: 0 | AL80: 0 | AM80: 30.53 | AN80: 1.5 | AO80: 0 | AP80: 0 | AQ80: 0 | AR80: 0 | AS80: 0 | AT80: 1 | AU80: 1 | AV80: EMP0027 | AW80: 1 | AX80: 0 | AZ80: 1 | BA80: 1 | BB80: Medium | BC80: Repeat lateness; Recurring absences; Coverage gap pattern; Repeated data quality exceptions | BD80: On Time | BE80: Unscheduled Absence | BF80: No Overtime | BG80: Coverage planning
A81: AR000080 | B81: EMP0105 | C81: Drew Foster | D81: Fulfillment | E81: Picking | F81: MGR003 | G81: Priya Shah | H81: Distribution Center | I81: Fulfillment Lead | J81: Full-Time | K81: 2021-05-21 | L81: 3+ years | M81: 2025-10-01 | N81: 2025-09-29 | O81: 2025-10-01 | P81: Wednesday | Q81: 0 | R81: 0 | S81: Afternoon | T81: 14:00 | U81: 22:00 | V81: 8 | W81: Rotating | X81: Present | Y81: 2025-10-01 14:00 | Z81: 2025-10-01 22:00 | AA81: 8 | AB81: 0 | AC81: 0 | AE81: 0 | AF81: 0 | AG81: 0 | AH81: 0 | AI81: 0 | AJ81: 1 | AK81: 8 | AL81: 0 | AM81: 30.6 | AN81: 1.5 | AO81: 244.8 | AP81: 0 | AQ81: 244.8 | AR81: 0 | AS81: 0 | AT81: 0 | AU81: 0 | AW81: 0 | AX81: 0 | AZ81: 1 | BA81: 1 | BB81: High | BC81: Repeat lateness; Recurring absences; High overtime concentration | BD81: On Time | BE81: Not Absent | BF81: No Overtime | BG81: Coaching recommended
A82: AR000081 | B82: EMP0106 | C82: Finley Morris | D82: Fulfillment | E82: Packing | F82: MGR002 | G82: Marcus Reed | H82: South Plant | I82: Inventory Coordinator | J82: Full-Time | K82: 2021-05-31 | L82: 3+ years | M82: 2025-10-01 | N82: 2025-09-29 | O82: 2025-10-01 | P82: Wednesday | Q82: 0 | R82: 0 | S82: Evening | T82: 16:00 | U82: 00:00 | V82: 8 | W82: Fixed | X82: Present | Y82: 2025-10-01 16:00 | Z82: 2025-10-02 00:00 | AA82: 8 | AB82: 0 | AC82: 0 | AE82: 0 | AF82: 0 | AG82: 0 | AH82: 0 | AI82: 0 | AJ82: 1 | AK82: 8 | AL82: 0 | AM82: 27.96 | AN82: 1.5 | AO82: 223.68 | AP82: 0 | AQ82: 223.68 | AR82: 0 | AS82: 0 | AT82: 0 | AU82: 0 | AW82: 0 | AX82: 0 | AZ82: 1 | BA82: 1 | BB82: High | BC82: Repeat lateness; Recurring absences; Coverage gap pattern; Repeated data quality exceptions | BD82: On Time | BE82: Not Absent | BF82: No Overtime | BG82: Coaching recommended
A83: AR000082 | B83: EMP0107 | C83: Riley Chen | D83: Production | E83: Line B | F83: MGR009 | G83: Luis Romero | H83: South Plant | I83: Assembly Technician | J83: Full-Time | K83: 2024-06-28 | L83: 1 to 3 years | M83: 2025-10-01 | N83: 2025-09-29 | O83: 2025-10-01 | P83: Wednesday | Q83: 0 | R83: 0 | S83: Morning | T83: 06:00 | U83: 14:00 | V83: 8 | W83: Fixed | X83: Present | Y83: 2025-10-01 06:00 | Z83: 2025-10-01 14:00 | AA83: 8 | AB83: 0 | AC83: 0 | AE83: 0 | AF83: 0 | AG83: 0 | AH83: 0 | AI83: 0 | AJ83: 1 | AK83: 8 | AL83: 0 | AM83: 29.34 | AN83: 1.5 | AO83: 234.72 | AP83: 0 | AQ83: 234.72 | AR83: 0 | AS83: 0 | AT83: 0 | AU83: 0 | AW83: 0 | AX83: 0 | AZ83: 1 | BA83: 1 | BB83: High | BC83: Repeat lateness; Recurring absences | BD83: On Time | BE83: Not Absent | BF83: No Overtime | BG83: Coaching recommended
A84: AR000083 | B84: EMP0110 | C84: Nora Turner | D84: Customer Support | E84: Account Support | F84: MGR006 | G84: Harper Lee | H84: North Plant | I84: Customer Care Analyst | J84: Part-Time | K84: 2025-07-09 | L84: Under 90 days | M84: 2025-10-01 | N84: 2025-09-29 | O84: 2025-10-01 | P84: Wednesday | Q84: 0 | R84: 0 | S84: Morning | T84: 06:00 | U84: 14:00 | V84: 8 | W84: Part-Time | X84: Present | Y84: 2025-10-01 06:00 | Z84: 2025-10-01 14:00 | AA84: 8 | AB84: 0 | AC84: 0 | AE84: 0 | AF84: 0 | AG84: 0 | AH84: 0 | AI84: 0 | AJ84: 1 | AK84: 8 | AL84: 0 | AM84: 31.2 | AN84: 1.5 | AO84: 249.6 | AP84: 0 | AQ84: 249.6 | AR84: 0 | AS84: 0 | AT84: 0 | AU84: 0 | AW84: 0 | AX84: 0 | AZ84: 1 | BA84: 1 | BB84: Medium | BC84: Repeat lateness; Repeated data quality exceptions | BD84: On Time | BE84: Not Absent | BF84: No Overtime | BG84: Monitor
A85: AR000084 | B85: EMP0111 | C85: Kevin Zimmerman | D85: Customer Support | E85: Tier 1 Support | F85: MGR005 | G85: Nina Patel | H85: South Plant | I85: Support Specialist | J85: Full-Time | K85: 2025-09-04 | L85: Under 90 days | M85: 2025-10-01 | N85: 2025-09-29 | O85: 2025-10-01 | P85: Wednesday | Q85: 0 | R85: 0 | S85: Overnight | T85: 22:00 | U85: 06:00 | V85: 8 | W85: Rotating | X85: Present | Y85: 2025-10-01 22:00 | Z85: 2025-10-02 10:00 | AA85: 12 | AB85: 0 | AC85: 0 | AE85: 0 | AF85: 0 | AG85: 0 | AH85: 0 | AI85: 0 | AJ85: 1 | AK85: 8 | AL85: 4 | AM85: 22.99 | AN85: 1.5 | AO85: 183.92 | AP85: 137.94 | AQ85: 321.86 | AR85: 1 | AS85: 1 | AT85: 0 | AU85: 0 | AW85: 0 | AX85: 0 | AZ85: 1 | BA85: 1 | BB85: High | BC85: Repeat lateness; Recurring absences; High overtime concentration; Coverage gap pattern | BD85: On Time | BE85: Not Absent | BF85: 2.25-4.0 hours | BG85: Coaching recommended
A86: AR000085 | B86: EMP0113 | C86: Carlos Lewis | D86: Customer Support | E86: Escalations | F86: MGR006 | G86: Harper Lee | H86: South Plant | I86: Customer Care Analyst | J86: Full-Time | K86: 2025-04-20 | L86: 90 days to 1 year | M86: 2025-10-01 | N86: 2025-09-29 | O86: 2025-10-01 | P86: Wednesday | Q86: 0 | R86: 0 | S86: Afternoon | T86: 14:00 | U86: 22:00 | V86: 8 | W86: Fixed | X86: Present | Y86: 2025-10-01 14:00 | Z86: 2025-10-01 22:00 | AA86: 8 | AB86: 0 | AC86: 0 | AE86: 0 | AF86: 0 | AG86: 0 | AH86: 0 | AI86: 0 | AJ86: 1 | AK86: 8 | AL86: 0 | AM86: 27.21 | AN86: 1.5 | AO86: 217.68 | AP86: 0 | AQ86: 217.68 | AR86: 0 | AS86: 0 | AT86: 0 | AU86: 0 | AW86: 0 | AX86: 0 | AZ86: 1 | BA86: 1 | BB86: Medium | BC86: Repeat lateness; Recurring absences | BD86: On Time | BE86: Not Absent | BF86: No Overtime | BG86: Monitor
A87: AR000086 | B87: EMP0114 | C87: Lena Stewart | D87: Customer Support | E87: Tier 1 Support | F87: MGR004 | G87: Daniel Brooks | H87: North Plant | I87: Customer Care Analyst | J87: Full-Time | K87: 2023-09-15 | L87: 1 to 3 years | M87: 2025-10-01 | N87: 2025-09-29 | O87: 2025-10-01 | P87: Wednesday | Q87: 0 | R87: 0 | S87: Morning | T87: 06:00 | U87: 14:00 | V87: 8 | W87: Rotating | X87: Present | Y87: 2025-10-01 06:00 | Z87: 2025-10-01 14:30 | AA87: 8.5 | AB87: 0 | AC87: 0 | AE87: 0 | AF87: 0 | AG87: 0 | AH87: 0 | AI87: 0 | AJ87: 1 | AK87: 8 | AL87: 0.5 | AM87: 28.08 | AN87: 1.5 | AO87: 224.64 | AP87: 21.06 | AQ87: 245.7 | AR87: 1 | AS87: 0 | AT87: 0 | AU87: 0 | AW87: 0 | AX87: 0 | AZ87: 1 | BA87: 1 | BB87: Medium | BC87: Repeat lateness | BD87: On Time | BE87: Not Absent | BF87: 0.5-2.0 hours | BG87: Monitor
A88: AR000087 | B88: EMP0115 | C88: Diana Turner | D88: Production | E88: Line B | F88: MGR007 | G88: Owen Carter | H88: South Plant | I88: Production Operator | J88: Full-Time | K88: 2020-06-12 | L88: 3+ years | M88: 2025-10-01 | N88: 2025-09-29 | O88: 2025-10-01 | P88: Wednesday | Q88: 0 | R88: 0 | S88: Morning | T88: 06:00 | U88: 14:00 | V88: 8 | W88: Rotating | X88: Present | Y88: 2025-10-01 06:00 | Z88: 2025-10-01 14:00 | AA88: 8 | AB88: 0 | AC88: 0 | AE88: 0 | AF88: 0 | AG88: 0 | AH88: 0 | AI88: 0 | AJ88: 1 | AK88: 8 | AL88: 0 | AM88: 23.64 | AN88: 1.5 | AO88: 189.12 | AP88: 0 | AQ88: 189.12 | AR88: 0 | AS88: 0 | AT88: 0 | AU88: 0 | AW88: 0 | AX88: 0 | AZ88: 1 | BA88: 1 | BB88: Medium | BC88: Repeat lateness; Recurring absences | BD88: On Time | BE88: Not Absent | BF88: No Overtime | BG88: Monitor
A89: AR000088 | B89: EMP0116 | C89: Rowan Morris | D89: Fulfillment | E89: Inventory Control | F89: MGR001 | G89: Alicia Gomez | H89: Distribution Center | I89: Inventory Coordinator | J89: Full-Time | K89: 2020-11-22 | L89: 3+ years | M89: 2025-10-01 | N89: 2025-09-29 | O89: 2025-10-01 | P89: Wednesday | Q89: 0 | R89: 0 | S89: Morning | T89: 06:00 | U89: 14:00 | V89: 8 | W89: Rotating | X89: Present | Y89: 2025-10-01 06:00 | Z89: 2025-10-01 14:00 | AA89: 8 | AB89: 0 | AC89: 0 | AE89: 0 | AF89: 0 | AG89: 0 | AH89: 0 | AI89: 0 | AJ89: 1 | AK89: 8 | AL89: 0 | AM89: 22.03 | AN89: 1.5 | AO89: 176.24 | AP89: 0 | AQ89: 176.24 | AR89: 0 | AS89: 0 | AT89: 0 | AU89: 0 | AW89: 0 | AX89: 0 | AZ89: 1 | BA89: 1 | BB89: High | BC89: Repeat lateness; Recurring absences; Coverage gap pattern; Repeated data quality exceptions | BD89: On Time | BE89: Not Absent | BF89: No Overtime | BG89: Coaching recommended
A90: AR000089 | B90: EMP0117 | C90: Taylor Stewart | D90: Quality Assurance | E90: Inspection | F90: MGR010 | G90: Grace Allen | H90: North Plant | I90: QA Lead | J90: Part-Time | K90: 2025-08-27 | L90: Under 90 days | M90: 2025-10-01 | N90: 2025-09-29 | O90: 2025-10-01 | P90: Wednesday | Q90: 0 | R90: 0 | S90: Afternoon | T90: 14:00 | U90: 22:00 | V90: 8 | W90: Part-Time | X90: Present | Y90: 2025-10-01 14:00 | Z90: 2025-10-01 22:00 | AA90: 8 | AB90: 0 | AC90: 0 | AE90: 0 | AF90: 0 | AG90: 0 | AH90: 0 | AI90: 0 | AJ90: 1 | AK90: 8 | AL90: 0 | AM90: 26.79 | AN90: 1.5 | AO90: 214.32 | AP90: 0 | AQ90: 214.32 | AR90: 0 | AS90: 0 | AT90: 0 | AU90: 0 | AW90: 0 | AX90: 0 | AZ90: 1 | BA90: 1 | BB90: Medium | BC90: Repeat lateness; Repeated data quality exceptions | BD90: On Time | BE90: Not Absent | BF90: No Overtime | BG90: Monitor
A91: AR000090 | B91: EMP0119 | C91: Amara Zimmerman | D91: Customer Support | E91: Account Support | F91: MGR005 | G91: Nina Patel | H91: Remote Support | I91: Customer Care Analyst | J91: Full-Time | K91: 2022-07-14 | L91: 3+ years | M91: 2025-10-01 | N91: 2025-09-29 | O91: 2025-10-01 | P91: Wednesday | Q91: 0 | R91: 0 | S91: Morning | T91: 06:00 | U91: 14:00 | V91: 8 | W91: Fixed | X91: Present | Y91: 2025-10-01 06:00 | Z91: 2025-10-01 14:00 | AA91: 8 | AB91: 0 | AC91: 0 | AE91: 0 | AF91: 0 | AG91: 0 | AH91: 0 | AI91: 0 | AJ91: 1 | AK91: 8 | AL91: 0 | AM91: 30.67 | AN91: 1.5 | AO91: 245.36 | AP91: 0 | AQ91: 245.36 | AR91: 0 | AS91: 0 | AT91: 0 | AU91: 0 | AW91: 0 | AX91: 0 | AZ91: 1 | BA91: 1 | BB91: Medium | BC91: Repeat lateness | BD91: On Time | BE91: Not Absent | BF91: No Overtime | BG91: Monitor
A92: AR000091 | B92: EMP0120 | C92: Diana Foster | D92: Quality Assurance | E92: Compliance | F92: MGR011 | G92: Ethan Clark | H92: South Plant | I92: QA Lead | J92: Full-Time | K92: 2024-09-19 | L92: 1 to 3 years | M92: 2025-10-01 | N92: 2025-09-29 | O92: 2025-10-01 | P92: Wednesday | Q92: 0 | R92: 0 | S92: Afternoon | T92: 14:00 | U92: 22:00 | V92: 8 | W92: Fixed | X92: Present | Y92: 2025-10-01 14:00 | Z92: 2025-10-01 22:00 | AA92: 8 | AB92: 0 | AC92: 0 | AE92: 0 | AF92: 0 | AG92: 0 | AH92: 0 | AI92: 0 | AJ92: 1 | AK92: 8 | AL92: 0 | AM92: 30.86 | AN92: 1.5 | AO92: 246.88 | AP92: 0 | AQ92: 246.88 | AR92: 0 | AS92: 0 | AT92: 0 | AU92: 0 | AW92: 0 | AX92: 0 | AZ92: 1 | BA92: 1 | BB92: Low | BC92: No notable repeat attendance risk | BD92: On Time | BE92: Not Absent | BF92: No Overtime | BG92: No action
... A129: AR000128 | B129: EMP0050 | C129: Farah Young | D129: Customer Support | E129: Tier 1 Support | F129: MGR006 | G129: Harper Lee | H129: Remote Support | I129: Support Specialist | J129: Full-Time | K129: 2025-09-15 | L129: Under 90 days | M129: 2025-10-02 | N129: 2025-09-29 | O129: 2025-10-01 | P129: Thursday | Q129: 0 | R129: 0 | S129: Afternoon | T129: 14:00 | U129: 22:00 | V129: 8 | W129: Fixed | X129: Present | Y129: 2025-10-02 14:00 | Z129: 2025-10-02 22:00 | AA129: 8 | AB129: 0 | AC129: 0 | AE129: 0 | AF129: 0 | AG129: 0 | AH129: 0 | AI129: 0 | AJ129: 1 | AK129: 8 | AL129: 0 | AM129: 27.09 | AN129: 1.5 | AO129: 216.72 | AP129: 0 | AQ129: 216.72 | AR129: 0 | AS129: 0 | AT129: 0 | AU129: 0 | AW129: 0 | AX129: 0 | AZ129: 1 | BA129: 1 | BB129: Medium | BC129: Repeat lateness | BD129: On Time | BE129: Not Absent | BF129: No Overtime | BG129: Monitor
A130: AR000129 | B130: EMP0054 | C130: Farah Chen | D130: Fulfillment | E130: Packing | F130: MGR002 | G130: Marcus Reed | H130: Distribution Center | I130: Fulfillment Lead | J130: Full-Time | K130: 2021-11-11 | L130: 3+ years | M130: 2025-10-02 | N130: 2025-09-29 | O130: 2025-10-01 | P130: Thursday | Q130: 0 | R130: 0 | S130: Morning | T130: 06:00 | U130: 14:00 | V130: 8 | W130: Fixed | X130: Absent | AA130: 0 | AB130: 0 | AC130: 0 | AD130: PTO | AE130: 1 | AF130: 0 | AG130: 0 | AH130: 0 | AI130: 1 | AJ130: 0 | AK130: 0 | AL130: 0 | AM130: 31.67 | AN130: 1.5 | AO130: 0 | AP130: 0 | AQ130: 0 | AR130: 0 | AS130: 0 | AT130: 0 | AU130: 0 | AW130: 1 | AX130: 0 | AZ130: 1 | BA130: 1 | BB130: High | BC130: Repeat lateness; Recurring absences; Repeated data quality exceptions | BD130: On Time | BE130: Scheduled Absence | BF130: No Overtime | BG130: Coaching recommended
A131: AR000130 | B131: EMP0055 | C131: Quinn Harris | D131: Customer Support | E131: Account Support | F131: MGR006 | G131: Harper Lee | H131: South Plant | I131: Support Specialist | J131: Full-Time | K131: 2021-12-01 | L131: 3+ years | M131: 2025-10-02 | N131: 2025-09-29 | O131: 2025-10-01 | P131: Thursday | Q131: 0 | R131: 0 | S131: Overnight | T131: 22:00 | U131: 06:00 | V131: 8 | W131: Rotating | X131: Present | Y131: 2025-10-02 22:00 | Z131: 2025-10-03 06:00 | AA131: 8 | AB131: 0 | AC131: 0 | AE131: 0 | AF131: 0 | AG131: 0 | AH131: 0 | AI131: 0 | AJ131: 1 | AK131: 8 | AL131: 0 | AM131: 26.06 | AN131: 1.5 | AO131: 208.48 | AP131: 0 | AQ131: 208.48 | AR131: 0 | AS131: 0 | AT131: 0 | AU131: 0 | AW131: 0 | AX131: 0 | AZ131: 1 | BA131: 1 | BB131: Medium | BC131: Repeat lateness; Recurring absences | BD131: On Time | BE131: Not Absent | BF131: No Overtime | BG131: Monitor
A132: AR000131 | B132: EMP0056 | C132: Finley Diaz | D132: Maintenance | E132: Equipment Repair | F132: MGR012 | G132: Sofia Rivera | H132: North Plant | I132: Maintenance Technician | J132: Full-Time | K132: 2021-08-05 | L132: 3+ years | M132: 2025-10-02 | N132: 2025-09-29 | O132: 2025-10-01 | P132: Thursday | Q132: 0 | R132: 0 | S132: Afternoon | T132: 14:00 | U132: 22:00 | V132: 8 | W132: Fixed | X132: Present | Y132: 2025-10-02 14:00 | Z132: 2025-10-02 22:00 | AA132: 8 | AB132: 0 | AC132: 0 | AE132: 0 | AF132: 0 | AG132: 0 | AH132: 0 | AI132: 0 | AJ132: 1 | AK132: 8 | AL132: 0 | AM132: 22.97 | AN132: 1.5 | AO132: 183.76 | AP132: 0 | AQ132: 183.76 | AR132: 0 | AS132: 0 | AT132: 0 | AU132: 0 | AW132: 0 | AX132: 0 | AZ132: 1 | BA132: 1 | BB132: High | BC132: Repeat lateness | BD132: On Time | BE132: Not Absent | BF132: No Overtime | BG132: Coaching recommended
A133: AR000132 | B133: EMP0058 | C133: Kevin Jackson | D133: Administration | E133: Office Services | F133: MGR014 | G133: Rachel Kim | H133: North Plant | I133: Administrative Specialist | J133: Part-Time | K133: 2021-05-20 | L133: 3+ years | M133: 2025-10-02 | N133: 2025-09-29 | O133: 2025-10-01 | P133: Thursday | Q133: 0 | R133: 0 | S133: Morning | T133: 06:00 | U133: 14:00 | V133: 8 | W133: Rotating | X133: Present | Y133: 2025-10-02 06:00 | Z133: 2025-10-02 14:00 | AA133: 8 | AB133: 0 | AC133: 0 | AE133: 0 | AF133: 0 | AG133: 0 | AH133: 0 | AI133: 0 | AJ133: 1 | AK133: 8 | AL133: 0 | AM133: 23.06 | AN133: 1.5 | AO133: 184.48 | AP133: 0 | AQ133: 184.48 | AR133: 0 | AS133: 0 | AT133: 0 | AU133: 0 | AW133: 0 | AX133: 0 | AZ133: 0 | BA133: 0 | BB133: Low | BC133: No notable repeat attendance risk | BD133: On Time | BE133: Not Absent | BF133: No Overtime | BG133: No action
A134: AR000133 | B134: EMP0059 | C134: Bianca Diaz | D134: Production | E134: Assembly | F134: MGR007 | G134: Owen Carter | H134: South Plant | I134: Assembly Technician | J134: Full-Time | K134: 2020-03-18 | L134: 3+ years | M134: 2025-10-02 | N134: 2025-09-29 | O134: 2025-10-01 | P134: Thursday | Q134: 0 | R134: 0 | S134: Morning | T134: 06:00 | U134: 14:00 | V134: 8 | W134: Rotating | X134: Late Arrival | Y134: 2025-10-02 06:05 | Z134: 2025-10-02 14:00 | AA134: 7.92 | AB134: 5 | AC134: 0 | AE134: 0 | AF134: 0 | AG134: 0 | AH134: 1 | AI134: 0 | AJ134: 1 | AK134: 7.92 | AL134: 0 | AM134: 23.55 | AN134: 1.5 | AO134: 186.52 | AP134: 0 | AQ134: 186.52 | AR134: 0 | AS134: 0 | AT134: 0 | AU134: 0 | AW134: 0 | AX134: 0 | AZ134: 1 | BA134: 1 | BB134: Medium | BC134: Repeat lateness; Recurring absences; Coverage gap pattern; Repeated data quality exceptions | BD134: 1-15 minutes | BE134: Not Absent | BF134: No Overtime | BG134: Coaching recommended
A135: AR000134 | B135: EMP0060 | C135: Carlos Coleman | D135: Production | E135: Line A | F135: MGR007 | G135: Owen Carter | H135: South Plant | I135: Production Operator | J135: Temporary | K135: 2020-07-17 | L135: 3+ years | M135: 2025-10-02 | N135: 2025-09-29 | O135: 2025-10-01 | P135: Thursday | Q135: 0 | R135: 0 | S135: Overnight | T135: 22:00 | U135: 06:00 | V135: 8 | W135: Weekend Support | X135: Present | Y135: 2025-10-02 22:00 | Z135: 2025-10-03 06:00 | AA135: 8 | AB135: 0 | AC135: 0 | AE135: 0 | AF135: 0 | AG135: 0 | AH135: 0 | AI135: 0 | AJ135: 1 | AK135: 8 | AL135: 0 | AM135: 23.2 | AN135: 1.5 | AO135: 185.6 | AP135: 0 | AQ135: 185.6 | AR135: 0 | AS135: 0 | AT135: 0 | AU135: 0 | AW135: 0 | AX135: 0 | AZ135: 1 | BA135: 1 | BB135: Medium | BC135: Repeat lateness | BD135: On Time | BE135: Not Absent | BF135: No Overtime | BG135: Monitor
A136: AR000135 | B136: EMP0061 | C136: Sam Jackson | D136: Production | E136: Assembly | F136: MGR009 | G136: Luis Romero | H136: South Plant | I136: Production Operator | J136: Part-Time | K136: 2024-11-28 | L136: 90 days to 1 year | M136: 2025-10-02 | N136: 2025-09-29 | O136: 2025-10-01 | P136: Thursday | Q136: 0 | R136: 0 | S136: Afternoon | T136: 14:00 | U136: 22:00 | V136: 8 | W136: Part-Time | X136: Present | Y136: 2025-10-02 14:00 | Z136: 2025-10-02 22:00 | AA136: 8 | AB136: 0 | AC136: 0 | AE136: 0 | AF136: 0 | AG136: 0 | AH136: 0 | AI136: 0 | AJ136: 1 | AK136: 8 | AL136: 0 | AM136: 25.4 | AN136: 1.5 | AO136: 203.2 | AP136: 0 | AQ136: 203.2 | AR136: 0 | AS136: 0 | AT136: 0 | AU136: 0 | AW136: 0 | AX136: 0 | AZ136: 1 | BA136: 1 | BB136: High | BC136: Repeat lateness; Repeated data quality exceptions | BD136: On Time | BE136: Not Absent | BF136: No Overtime | BG136: Coaching recommended
A137: AR000136 | B137: EMP0062 | C137: Jasmine Xu | D137: Production | E137: Assembly | F137: MGR009 | G137: Luis Romero | H137: North Plant | I137: Production Operator | J137: Full-Time | K137: 2024-09-14 | L137: 1 to 3 years | M137: 2025-10-02 | N137: 2025-09-29 | O137: 2025-10-01 | P137: Thursday | Q137: 0 | R137: 0 | S137: Evening | T137: 16:00 | U137: 00:00 | V137: 8 | W137: Fixed | X137: Late Arrival | Y137: 2025-10-02 16:07 | Z137: 2025-10-03 00:00 | AA137: 7.88 | AB137: 7 | AC137: 0 | AE137: 0 | AF137: 0 | AG137: 0 | AH137: 1 | AI137: 0 | AJ137: 1 | AK137: 7.88 | AL137: 0 | AM137: 23.68 | AN137: 1.5 | AO137: 186.6 | AP137: 0 | AQ137: 186.6 | AR137: 0 | AS137: 0 | AT137: 0 | AU137: 0 | AW137: 0 | AX137: 0 | AZ137: 1 | BA137: 1 | BB137: High | BC137: Repeat lateness; Repeated data quality exceptions | BD137: 1-15 minutes | BE137: Not Absent | BF137: No Overtime | BG137: Coaching recommended
A138: AR000137 | B138: EMP0063 | C138: Oscar Hughes | D138: Quality Assurance | E138: Inspection | F138: MGR010 | G138: Grace Allen | H138: North Plant | I138: Quality Analyst | J138: Full-Time | K138: 2021-09-05 | L138: 3+ years | M138: 2025-10-02 | N138: 2025-09-29 | O138: 2025-10-01 | P138: Thursday | Q138: 0 | R138: 0 | S138: Morning | T138: 06:00 | U138: 14:00 | V138: 8 | W138: Rotating | X138: Present | Y138: 2025-10-02 06:00 | Z138: 2025-10-02 14:00 | AA138: 8 | AB138: 0 | AC138: 0 | AE138: 0 | AF138: 0 | AG138: 0 | AH138: 0 | AI138: 0 | AJ138: 1 | AK138: 8 | AL138: 0 | AM138: 26.96 | AN138: 1.5 | AO138: 215.68 | AP138: 0 | AQ138: 215.68 | AR138: 0 | AS138: 0 | AT138: 0 | AU138: 0 | AW138: 0 | AX138: 0 | AZ138: 1 | BA138: 1 | BB138: Medium | BC138: Repeat lateness; Repeated data quality exceptions | BD138: On Time | BE138: Not Absent | BF138: No Overtime | BG138: Monitor
A139: AR000138 | B139: EMP0064 | C139: Jordan Powell | D139: Production | E139: Line A | F139: MGR009 | G139: Luis Romero | H139: North Plant | I139: Assembly Technician | J139: Full-Time | K139: 2020-08-21 | L139: 3+ years | M139: 2025-10-02 | N139: 2025-09-29 | O139: 2025-10-01 | P139: Thursday | Q139: 0 | R139: 0 | S139: Morning | T139: 06:00 | U139: 14:00 | V139: 8 | W139: Fixed | X139: Present | Y139: 2025-10-02 06:00 | Z139: 2025-10-02 14:00 | AA139: 8 | AB139: 0 | AC139: 0 | AE139: 0 | AF139: 0 | AG139: 0 | AH139: 0 | AI139: 0 | AJ139: 1 | AK139: 8 | AL139: 0 | AM139: 26.4 | AN139: 1.5 | AO139: 211.2 | AP139: 0 | AQ139: 211.2 | AR139: 0 | AS139: 0 | AT139: 0 | AU139: 0 | AW139: 0 | AX139: 0 | AZ139: 1 | BA139: 1 | BB139: High | BC139: Repeat lateness | BD139: On Time | BE139: Not Absent | BF139: No Overtime | BG139: Coaching recommended
A140: AR000139 | B140: EMP0065 | C140: Isaac Ortiz | D140: Customer Support | E140: Account Support | F140: MGR006 | G140: Harper Lee | H140: South Plant | I140: Customer Care Analyst | J140: Full-Time | K140: 2020-06-27 | L140: 3+ years | M140: 2025-10-02 | N140: 2025-09-29 | O140: 2025-10-01 | P140: Thursday | Q140: 0 | R140: 0 | S140: Evening | T140: 16:00 | U140: 00:00 | V140: 8 | W140: Fixed | X140: Present | Y140: 2025-10-02 16:00 | Z140: 2025-10-03 00:00 | AA140: 8 | AB140: 0 | AC140: 0 | AE140: 0 | AF140: 0 | AG140: 0 | AH140: 0 | AI140: 0 | AJ140: 1 | AK140: 8 | AL140: 0 | AM140: 27.28 | AN140: 1.5 | AO140: 218.24 | AP140: 0 | AQ140: 218.24 | AR140: 0 | AS140: 0 | AT140: 0 | AU140: 0 | AW140: 0 | AX140: 0 | AZ140: 1 | BA140: 1 | BB140: Medium | BC140: Repeat lateness; Repeated data quality exceptions | BD140: On Time | BE140: Not Absent | BF140: No Overtime | BG140: Monitor
A141: AR000140 | B141: EMP0066 | C141: Kevin Baker | D141: Fulfillment | E141: Packing | F141: MGR003 | G141: Priya Shah | H141: Distribution Center | I141: Fulfillment Lead | J141: Full-Time | K141: 2025-05-07 | L141: 90 days to 1 year | M141: 2025-10-02 | N141: 2025-09-29 | O141: 2025-10-01 | P141: Thursday | Q141: 0 | R141: 0 | S141: Overnight | T141: 22:00 | U141: 06:00 | V141: 8 | W141: Rotating | X141: Present | Y141: 2025-10-02 22:00 | Z141: 2025-10-03 06:00 | AA141: 8 | AB141: 0 | AC141: 0 | AE141: 0 | AF141: 0 | AG141: 0 | AH141: 0 | AI141: 0 | AJ141: 1 | AK141: 8 | AL141: 0 | AM141: 33.17 | AN141: 1.5 | AO141: 265.36 | AP141: 0 | AQ141: 265.36 | AR141: 0 | AS141: 0 | AT141: 0 | AU141: 0 | AW141: 0 | AX141: 0 | AZ141: 1 | BA141: 1 | BB141: Medium | BC141: Repeat lateness; Repeated data quality exceptions | BD141: On Time | BE141: Not Absent | BF141: No Overtime | BG141: Monitor
A142: AR000141 | B142: EMP0067 | C142: Amara Morris | D142: Quality Assurance | E142: Inspection | F142: MGR011 | G142: Ethan Clark | H142: North Plant | I142: QA Technician | J142: Full-Time | K142: 2022-09-02 | L142: 3+ years | M142: 2025-10-02 | N142: 2025-09-29 | O142: 2025-10-01 | P142: Thursday | Q142: 0 | R142: 0 | S142: Morning | T142: 06:00 | U142: 14:00 | V142: 8 | W142: Rotating | X142: Late Arrival | Y142: 2025-10-02 06:23 | Z142: 2025-10-02 14:00 | AA142: 7.62 | AB142: 23 | AC142: 0 | AE142: 0 | AF142: 0 | AG142: 0 | AH142: 1 | AI142: 0 | AJ142: 1 | AK142: 7.62 | AL142: 0 | AM142: 25.13 | AN142: 1.5 | AO142: 191.49 | AP142: 0 | AQ142: 191.49 | AR142: 0 | AS142: 0 | AT142: 0 | AU142: 0 | AW142: 0 | AX142: 0 | AZ142: 1 | BA142: 1 | BB142: Medium | BC142: Repeat lateness; Repeated data quality exceptions | BD142: 16-30 minutes | BE142: Not Absent | BF142: No Overtime | BG142: Coaching recommended
... A162: AR000161 | B162: EMP0094 | C162: Lena Turner | D162: Administration | E162: HR Operations | F162: MGR015 | G162: Thomas Nguyen | H162: South Plant | I162: Payroll Assistant | J162: Temporary | K162: 2025-08-31 | L162: Under 90 days | M162: 2025-10-02 | N162: 2025-09-29 | O162: 2025-10-01 | P162: Thursday | Q162: 0 | R162: 0 | S162: Morning | T162: 06:00 | U162: 14:00 | V162: 8 | W162: Weekend Support | X162: Present | Y162: 2025-10-02 06:00 | Z162: 2025-10-02 14:00 | AA162: 8 | AB162: 0 | AC162: 0 | AE162: 0 | AF162: 0 | AG162: 0 | AH162: 0 | AI162: 0 | AJ162: 1 | AK162: 8 | AL162: 0 | AM162: 22.28 | AN162: 1.5 | AO162: 178.24 | AP162: 0 | AQ162: 178.24 | AR162: 0 | AS162: 0 | AT162: 0 | AU162: 0 | AW162: 0 | AX162: 0 | AZ162: 1 | BA162: 1 | BB162: Medium | BC162: Repeat lateness; Recurring absences | BD162: On Time | BE162: Not Absent | BF162: No Overtime | BG162: Monitor
A163: AR000162 | B163: EMP0095 | C163: Jamie Diaz | D163: Customer Support | E163: Tier 1 Support | F163: MGR005 | G163: Nina Patel | H163: Remote Support | I163: Support Team Lead | J163: Part-Time | K163: 2020-12-27 | L163: 3+ years | M163: 2025-10-02 | N163: 2025-09-29 | O163: 2025-10-01 | P163: Thursday | Q163: 0 | R163: 0 | S163: Morning | T163: 06:00 | U163: 14:00 | V163: 8 | W163: Part-Time | X163: Partial Shift | Y163: 2025-10-02 06:00 | Z163: 2025-10-02 13:11 | AA163: 7.18 | AB163: 0 | AC163: 49 | AE163: 0 | AF163: 0 | AG163: 1 | AH163: 0 | AI163: 0 | AJ163: 1 | AK163: 7.18 | AL163: 0 | AM163: 31.35 | AN163: 1.5 | AO163: 225.09 | AP163: 0 | AQ163: 225.09 | AR163: 0 | AS163: 0 | AT163: 1 | AU163: 1 | AV163: EMP0049 | AW163: 0 | AX163: 0 | AZ163: 1 | BA163: 0 | BB163: Low | BC163: Repeated data quality exceptions | BD163: On Time | BE163: Not Absent | BF163: No Overtime | BG163: Coverage planning
A164: AR000163 | B164: EMP0096 | C164: Selena Coleman | D164: Production | E164: Line B | F164: MGR009 | G164: Luis Romero | H164: North Plant | I164: Production Operator | J164: Full-Time | K164: 2025-08-20 | L164: Under 90 days | M164: 2025-10-02 | N164: 2025-09-29 | O164: 2025-10-01 | P164: Thursday | Q164: 0 | R164: 0 | S164: Morning | T164: 06:00 | U164: 14:00 | V164: 8 | W164: Fixed | X164: Present | Y164: 2025-10-02 06:00 | Z164: 2025-10-02 14:00 | AA164: 8 | AB164: 0 | AC164: 0 | AE164: 0 | AF164: 0 | AG164: 0 | AH164: 0 | AI164: 0 | AJ164: 1 | AK164: 8 | AL164: 0 | AM164: 23.7 | AN164: 1.5 | AO164: 189.6 | AP164: 0 | AQ164: 189.6 | AR164: 0 | AS164: 0 | AT164: 0 | AU164: 0 | AW164: 0 | AX164: 0 | AZ164: 1 | BA164: 1 | BB164: Medium | BC164: Repeat lateness | BD164: On Time | BE164: Not Absent | BF164: No Overtime | BG164: Monitor
A165: AR000164 | B165: EMP0098 | C165: Rowan Morris | D165: Maintenance | E165: Preventive Maintenance | F165: MGR012 | G165: Sofia Rivera | H165: North Plant | I165: Maintenance Technician | J165: Full-Time | K165: 2023-04-01 | L165: 1 to 3 years | M165: 2025-10-02 | N165: 2025-09-29 | O165: 2025-10-01 | P165: Thursday | Q165: 0 | R165: 0 | S165: Overnight | T165: 22:00 | U165: 06:00 | V165: 8 | W165: Fixed | X165: Present | Y165: 2025-10-02 22:00 | Z165: 2025-10-03 06:00 | AA165: 8 | AB165: 0 | AC165: 0 | AE165: 0 | AF165: 0 | AG165: 0 | AH165: 0 | AI165: 0 | AJ165: 1 | AK165: 8 | AL165: 0 | AM165: 25.28 | AN165: 1.5 | AO165: 202.24 | AP165: 0 | AQ165: 202.24 | AR165: 0 | AS165: 0 | AT165: 0 | AU165: 0 | AW165: 0 | AX165: 0 | AZ165: 1 | BA165: 1 | BB165: Medium | BC165: Repeat lateness; Repeated data quality exceptions | BD165: On Time | BE165: Not Absent | BF165: No Overtime | BG165: Monitor
A166: AR000165 | B166: EMP0099 | C166: Rowan Walker | D166: Fulfillment | E166: Picking | F166: MGR001 | G166: Alicia Gomez | H166: Distribution Center | I166: Fulfillment Lead | J166: Part-Time | K166: 2022-08-13 | L166: 3+ years | M166: 2025-10-02 | N166: 2025-09-29 | O166: 2025-10-01 | P166: Thursday | Q166: 0 | R166: 0 | S166: Morning | T166: 06:00 | U166: 14:00 | V166: 8 | W166: Part-Time | X166: Present | Y166: 2025-10-02 06:00 | Z166: 2025-10-02 14:00 | AA166: 8 | AB166: 0 | AC166: 0 | AE166: 0 | AF166: 0 | AG166: 0 | AH166: 0 | AI166: 0 | AJ166: 1 | AK166: 8 | AL166: 0 | AM166: 31.44 | AN166: 1.5 | AO166: 251.52 | AP166: 0 | AQ166: 251.52 | AR166: 0 | AS166: 0 | AT166: 0 | AU166: 0 | AW166: 0 | AX166: 0 | AZ166: 1 | BA166: 1 | BB166: Medium | BC166: Repeat lateness; Recurring absences; High overtime concentration | BD166: On Time | BE166: Not Absent | BF166: No Overtime | BG166: Schedule review
A167: AR000166 | B167: EMP0100 | C167: Isaac Hughes | D167: Quality Assurance | E167: Compliance | F167: MGR010 | G167: Grace Allen | H167: North Plant | I167: Quality Analyst | J167: Full-Time | K167: 2025-08-13 | L167: Under 90 days | M167: 2025-10-02 | N167: 2025-09-29 | O167: 2025-10-01 | P167: Thursday | Q167: 0 | R167: 0 | S167: Evening | T167: 16:00 | U167: 00:00 | V167: 8 | W167: Fixed | X167: Present | Y167: 2025-10-02 16:00 | Z167: 2025-10-03 00:00 | AA167: 8 | AB167: 0 | AC167: 0 | AE167: 0 | AF167: 0 | AG167: 0 | AH167: 0 | AI167: 0 | AJ167: 1 | AK167: 8 | AL167: 0 | AM167: 25.98 | AN167: 1.5 | AO167: 207.84 | AP167: 0 | AQ167: 207.84 | AR167: 0 | AS167: 0 | AT167: 0 | AU167: 0 | AW167: 0 | AX167: 0 | AZ167: 1 | BA167: 1 | BB167: Medium | BC167: Recurring absences; High overtime concentration; Coverage gap pattern | BD167: On Time | BE167: Not Absent | BF167: No Overtime | BG167: Schedule review
A168: AR000167 | B168: EMP0101 | C168: Paige Lewis | D168: Maintenance | E168: Preventive Maintenance | F168: MGR012 | G168: Sofia Rivera | H168: South Plant | I168: Facilities Coordinator | J168: Full-Time | K168: 2025-08-28 | L168: Under 90 days | M168: 2025-10-02 | N168: 2025-09-29 | O168: 2025-10-01 | P168: Thursday | Q168: 0 | R168: 0 | S168: Morning | T168: 06:00 | U168: 14:00 | V168: 8 | W168: Fixed | X168: Partial Shift | Y168: 2025-10-02 06:00 | Z168: 2025-10-02 13:06 | AA168: 7.1 | AB168: 0 | AC168: 54 | AE168: 0 | AF168: 0 | AG168: 1 | AH168: 0 | AI168: 0 | AJ168: 1 | AK168: 7.1 | AL168: 0 | AM168: 24.5 | AN168: 1.5 | AO168: 173.95 | AP168: 0 | AQ168: 173.95 | AR168: 0 | AS168: 0 | AT168: 0 | AU168: 0 | AW168: 0 | AX168: 0 | AZ168: 0 | BA168: 0 | BB168: Low | BC168: Repeated data quality exceptions | BD168: On Time | BE168: Not Absent | BF168: No Overtime | BG168: No action
A169: AR000168 | B169: EMP0102 | C169: Kevin Turner | D169: Fulfillment | E169: Picking | F169: MGR001 | G169: Alicia Gomez | H169: Distribution Center | I169: Inventory Coordinator | J169: Full-Time | K169: 2020-04-16 | L169: 3+ years | M169: 2025-10-02 | N169: 2025-09-29 | O169: 2025-10-01 | P169: Thursday | Q169: 0 | R169: 0 | S169: Morning | T169: 06:00 | U169: 14:00 | V169: 8 | W169: Fixed | X169: Present | Y169: 2025-10-02 06:00 | Z169: 2025-10-02 14:00 | AA169: 8 | AB169: 0 | AC169: 0 | AE169: 0 | AF169: 0 | AG169: 0 | AH169: 0 | AI169: 0 | AJ169: 1 | AK169: 8 | AL169: 0 | AM169: 26.24 | AN169: 1.5 | AO169: 209.92 | AP169: 0 | AQ169: 209.92 | AR169: 0 | AS169: 0 | AT169: 0 | AU169: 0 | AW169: 0 | AX169: 0 | AZ169: 1 | BA169: 1 | BB169: Medium | BC169: Repeat lateness; High overtime concentration | BD169: On Time | BE169: Not Absent | BF169: No Overtime | BG169: Schedule review
A170: AR000169 | B170: EMP0103 | C170: Sam Zimmerman | D170: Maintenance | E170: Facilities | F170: MGR013 | G170: Miles Bennett | H170: North Plant | I170: Facilities Coordinator | J170: Full-Time | K170: 2022-06-05 | L170: 3+ years | M170: 2025-10-02 | N170: 2025-09-29 | O170: 2025-10-01 | P170: Thursday | Q170: 0 | R170: 0 | S170: Morning | T170: 06:00 | U170: 14:00 | V170: 8 | W170: Rotating | X170: Present | Y170: 2025-10-02 06:00 | Z170: 2025-10-02 14:00 | AA170: 8 | AB170: 0 | AC170: 0 | AE170: 0 | AF170: 0 | AG170: 0 | AH170: 0 | AI170: 0 | AJ170: 1 | AK170: 8 | AL170: 0 | AM170: 25.28 | AN170: 1.5 | AO170: 202.24 | AP170: 0 | AQ170: 202.24 | AR170: 0 | AS170: 0 | AT170: 0 | AU170: 0 | AW170: 0 | AX170: 0 | AZ170: 1 | BA170: 1 | BB170: Medium | BC170: Repeat lateness; Recurring absences; Repeated data quality exceptions | BD170: On Time | BE170: Not Absent | BF170: No Overtime | BG170: Monitor
A171: AR000170 | B171: EMP0105 | C171: Drew Foster | D171: Fulfillment | E171: Picking | F171: MGR003 | G171: Priya Shah | H171: Distribution Center | I171: Fulfillment Lead | J171: Full-Time | K171: 2021-05-21 | L171: 3+ years | M171: 2025-10-02 | N171: 2025-09-29 | O171: 2025-10-01 | P171: Thursday | Q171: 0 | R171: 0 | S171: Afternoon | T171: 14:00 | U171: 22:00 | V171: 8 | W171: Rotating | X171: Present | Y171: 2025-10-02 14:00 | Z171: 2025-10-02 22:00 | AA171: 8 | AB171: 0 | AC171: 0 | AE171: 0 | AF171: 0 | AG171: 0 | AH171: 0 | AI171: 0 | AJ171: 1 | AK171: 8 | AL171: 0 | AM171: 30.6 | AN171: 1.5 | AO171: 244.8 | AP171: 0 | AQ171: 244.8 | AR171: 0 | AS171: 0 | AT171: 0 | AU171: 0 | AW171: 0 | AX171: 0 | AZ171: 1 | BA171: 1 | BB171: High | BC171: Repeat lateness; Recurring absences; High overtime concentration | BD171: On Time | BE171: Not Absent | BF171: No Overtime | BG171: Coaching recommended
A172: AR000171 | B172: EMP0106 | C172: Finley Morris | D172: Fulfillment | E172: Packing | F172: MGR002 | G172: Marcus Reed | H172: South Plant | I172: Inventory Coordinator | J172: Full-Time | K172: 2021-05-31 | L172: 3+ years | M172: 2025-10-02 | N172: 2025-09-29 | O172: 2025-10-01 | P172: Thursday | Q172: 0 | R172: 0 | S172: Evening | T172: 16:00 | U172: 00:00 | V172: 8 | W172: Fixed | X172: Present | Y172: 2025-10-02 16:00 | Z172: 2025-10-03 00:00 | AA172: 8 | AB172: 0 | AC172: 0 | AE172: 0 | AF172: 0 | AG172: 0 | AH172: 0 | AI172: 0 | AJ172: 1 | AK172: 8 | AL172: 0 | AM172: 27.96 | AN172: 1.5 | AO172: 223.68 | AP172: 0 | AQ172: 223.68 | AR172: 0 | AS172: 0 | AT172: 0 | AU172: 0 | AW172: 0 | AX172: 0 | AZ172: 1 | BA172: 1 | BB172: High | BC172: Repeat lateness; Recurring absences; Coverage gap pattern; Repeated data quality exceptions | BD172: On Time | BE172: Not Absent | BF172: No Overtime | BG172: Coaching recommended
A173: AR000172 | B173: EMP0107 | C173: Riley Chen | D173: Production | E173: Line B | F173: MGR009 | G173: Luis Romero | H173: South Plant | I173: Assembly Technician | J173: Full-Time | K173: 2024-06-28 | L173: 1 to 3 years | M173: 2025-10-02 | N173: 2025-09-29 | O173: 2025-10-01 | P173: Thursday | Q173: 0 | R173: 0 | S173: Morning | T173: 06:00 | U173: 14:00 | V173: 8 | W173: Fixed | X173: Present | Y173: 2025-10-02 06:00 | Z173: 2025-10-02 14:00 | AA173: 8 | AB173: 0 | AC173: 0 | AE173: 0 | AF173: 0 | AG173: 0 | AH173: 0 | AI173: 0 | AJ173: 1 | AK173: 8 | AL173: 0 | AM173: 29.34 | AN173: 1.5 | AO173: 234.72 | AP173: 0 | AQ173: 234.72 | AR173: 0 | AS173: 0 | AT173: 0 | AU173: 0 | AW173: 0 | AX173: 0 | AZ173: 1 | BA173: 1 | BB173: High | BC173: Repeat lateness; Recurring absences | BD173: On Time | BE173: Not Absent | BF173: No Overtime | BG173: Coaching recommended
A174: AR000173 | B174: EMP0111 | C174: Kevin Zimmerman | D174: Customer Support | E174: Tier 1 Support | F174: MGR005 | G174: Nina Patel | H174: South Plant | I174: Support Specialist | J174: Full-Time | K174: 2025-09-04 | L174: Under 90 days | M174: 2025-10-02 | N174: 2025-09-29 | O174: 2025-10-01 | P174: Thursday | Q174: 0 | R174: 0 | S174: Morning | T174: 06:00 | U174: 14:00 | V174: 8 | W174: Rotating | X174: Present | Y174: 2025-10-02 06:00 | Z174: 2025-10-02 14:00 | AA174: 8 | AB174: 0 | AC174: 0 | AE174: 0 | AF174: 0 | AG174: 0 | AH174: 0 | AI174: 0 | AJ174: 1 | AK174: 8 | AL174: 0 | AM174: 22.99 | AN174: 1.5 | AO174: 183.92 | AP174: 0 | AQ174: 183.92 | AR174: 0 | AS174: 0 | AT174: 0 | AU174: 0 | AW174: 0 | AX174: 0 | AZ174: 1 | BA174: 1 | BB174: High | BC174: Repeat lateness; Recurring absences; High overtime concentration; Coverage gap pattern | BD174: On Time | BE174: Not Absent | BF174: No Overtime | BG174: Coaching recommended
A175: AR000174 | B175: EMP0113 | C175: Carlos Lewis | D175: Customer Support | E175: Escalations | F175: MGR006 | G175: Harper Lee | H175: South Plant | I175: Customer Care Analyst | J175: Full-Time | K175: 2025-04-20 | L175: 90 days to 1 year | M175: 2025-10-02 | N175: 2025-09-29 | O175: 2025-10-01 | P175: Thursday | Q175: 0 | R175: 0 | S175: Afternoon | T175: 14:00 | U175: 22:00 | V175: 8 | W175: Fixed | X175: Present | Y175: 2025-10-02 14:00 | Z175: 2025-10-02 22:00 | AA175: 8 | AB175: 0 | AC175: 0 | AE175: 0 | AF175: 0 | AG175: 0 | AH175: 0 | AI175: 0 | AJ175: 1 | AK175: 8 | AL175: 0 | AM175: 27.21 | AN175: 1.5 | AO175: 217.68 | AP175: 0 | AQ175: 217.68 | AR175: 0 | AS175: 0 | AT175: 0 | AU175: 0 | AW175: 0 | AX175: 0 | AZ175: 1 | BA175: 1 | BB175: Medium | BC175: Repeat lateness; Recurring absences | BD175: On Time | BE175: Not Absent | BF175: No Overtime | BG175: Monitor
... A200: AR000199 | B200: EMP0021 | C200: Jamie Hughes | D200: Maintenance | E200: Equipment Repair | F200: MGR012 | G200: Sofia Rivera | H200: North Plant | I200: Maintenance Technician | J200: Full-Time | K200: 2023-04-14 | L200: 1 to 3 years | M200: 2025-10-03 | N200: 2025-09-29 | O200: 2025-10-01 | P200: Friday | Q200: 0 | R200: 0 | S200: Afternoon | T200: 14:00 | U200: 22:00 | V200: 8 | W200: Weekend Support | X200: Present | Y200: 2025-10-03 14:00 | Z200: 2025-10-03 22:00 | AA200: 8 | AB200: 0 | AC200: 0 | AE200: 0 | AF200: 0 | AG200: 0 | AH200: 0 | AI200: 0 | AJ200: 1 | AK200: 8 | AL200: 0 | AM200: 27.83 | AN200: 1.5 | AO200: 222.64 | AP200: 0 | AQ200: 222.64 | AR200: 0 | AS200: 0 | AT200: 0 | AU200: 0 | AW200: 0 | AX200: 0 | AZ200: 1 | BA200: 1 | BB200: High | BC200: Repeat lateness; Repeated data quality exceptions | BD200: On Time | BE200: Not Absent | BF200: No Overtime | BG200: Coaching recommended
A201: AR000200 | B201: EMP0022 | C201: Hannah Anderson | D201: Customer Support | E201: Account Support | F201: MGR004 | G201: Daniel Brooks | H201: Remote Support | I201: Support Team Lead | J201: Part-Time | K201: 2025-07-25 | L201: Under 90 days | M201: 2025-10-03 | N201: 2025-09-29 | O201: 2025-10-01 | P201: Friday | Q201: 0 | R201: 0 | S201: Afternoon | T201: 14:00 | U201: 22:00 | V201: 8 | W201: Rotating | X201: Partial Shift | Y201: 2025-10-03 15:21 | Z201: 2025-10-03 22:00 | AA201: 6.65 | AB201: 81 | AC201: 0 | AE201: 0 | AF201: 0 | AG201: 1 | AH201: 1 | AI201: 0 | AJ201: 1 | AK201: 6.65 | AL201: 0 | AM201: 28.52 | AN201: 1.5 | AO201: 189.66 | AP201: 0 | AQ201: 189.66 | AR201: 0 | AS201: 0 | AT201: 1 | AU201: 1 | AV201: EMP0011 | AW201: 0 | AX201: 0 | AZ201: 1 | BA201: 1 | BB201: Medium | BC201: Repeat lateness; Coverage gap pattern | BD201: 60+ minutes | BE201: Not Absent | BF201: No Overtime | BG201: Coaching recommended
...
